ALTER DATABASE `{{dbName}}`
	DEFAULT CHARACTER SET UTF8MB4;
	
ALTER DATABASE `{{dbName}}`
	DEFAULT COLLATE UTF8MB4_UNICODE_CI;

USE `{{dbName}}`;

CREATE TABLE `users` (
	`identifier` VARCHAR(60) NOT NULL,
	`accounts` LONGTEXT NULL DEFAULT NULL,
	`group` VARCHAR(50) NULL DEFAULT 'user',
	`inventory` LONGTEXT NULL DEFAULT NULL,
	`job` VARCHAR(20) NULL DEFAULT 'unemployed',
	`job_grade` INT NULL DEFAULT 0,
	`faction` varchar(30) COLLATE utf8mb4_bin DEFAULT 'nofaction',
	`faction_grade` int(11) DEFAULT 0,
	`loadout` LONGTEXT NULL DEFAULT NULL,
	`metadata` LONGTEXT NULL DEFAULT NULL,
	`position` VARCHAR(255) NOT NULL DEFAULT '{"x":-1042.9266,"y":-2746.4329,"z":21.3594,"heading":326.3846}',
	`firstname` VARCHAR(16) NULL DEFAULT NULL,
	`lastname` VARCHAR(16) NULL DEFAULT NULL,
	`dateofbirth` VARCHAR(10) NULL DEFAULT NULL,
	`sex` VARCHAR(1) NULL DEFAULT NULL,
	`height` INT NULL DEFAULT NULL,
	`skin` LONGTEXT NULL DEFAULT NULL,
	`status` LONGTEXT NULL,
	`is_dead` TINYINT(1) NULL DEFAULT '0',
	`phone_number` VARCHAR(20) DEFAULT NULL,
	`id` int(11) NOT NULL AUTO_INCREMENT,
	`disabled` TINYINT(1) NULL DEFAULT '0',
	`last_property` varchar(255) DEFAULT NULL,
	`created_at` timestamp NULL DEFAULT CURRENT_TIMESTAMP,
	`last_seen` timestamp NULL DEFAULT NULL ON UPDATE CURRENT_TIMESTAMP,
	`last_connection` varchar(20) DEFAULT NULL,

	PRIMARY KEY (`identifier`),
	INDEX (`id`)
);

CREATE TABLE `items` (
	`name` VARCHAR(50) NOT NULL,
	`label` VARCHAR(50) NOT NULL,
	`weight` INT NOT NULL DEFAULT 1,
	`rare` TINYINT NOT NULL DEFAULT 0,
	`can_remove` TINYINT NOT NULL DEFAULT 1,

	PRIMARY KEY (`name`)
);

CREATE TABLE `job_grades` (
	`id` INT NOT NULL AUTO_INCREMENT,
	`job_name` VARCHAR(50) DEFAULT NULL,
	`grade` INT NOT NULL,
	`name` VARCHAR(50) NOT NULL,
	`label` VARCHAR(50) NOT NULL,
	`salary` INT NOT NULL,
	`skin_male` LONGTEXT NOT NULL DEFAULT '{}',
	`skin_female` LONGTEXT NOT NULL DEFAULT '{}',

	PRIMARY KEY (`id`)
);

INSERT INTO `job_grades` (job_name, grade, name, label, salary) VALUES
	('unemployed', 0, 'unemployed', 'Unemployed', 200),
	('ambulance', 0, 'ambulance', 'Jr. EMT', 20),
	('ambulance', 1, 'doctor', 'EMT', 40),
	('ambulance', 2, 'chief_doctor', 'Sr. EMT', 60),
	('ambulance', 3, 'boss', 'EMT Supervisor', 80),
	('mechanic', 0, 'recruit', 'Recruit', 12),
	('mechanic', 1, 'novice', 'Novice', 24),
	('mechanic', 2, 'experienced', 'Experienced', 36),
	('mechanic', 3, 'leader', 'Leader', 48),
	('mechanic', 4, 'boss', 'Boss', 0),
	('police', 0, 'recruit', 'Recruit', 20),
	('police', 1, 'officer', 'Officer', 40),
	('police', 2, 'sergeant', 'Sergeant', 60),
	('police', 3, 'lieutenant', 'Lieutenant', 85),
	('police', 4, 'boss', 'Chief', 100),
	('taxi', 0, 'recruit', 'Recruit', 12),
	('taxi', 1, 'novice', 'Cabby', 24),
	('taxi', 2, 'experienced', 'Experienced', 36),
	('taxi', 3, 'uber', 'Uber Cabby', 48),
	('cardealer', 0, 'recruit', 'Recruit', 10),
	('cardealer', 1, 'novice', 'Novice', 25),
	('cardealer', 2, 'experienced', 'Experienced', 40),
	('cardealer', 3, 'boss', 'Boss', 0),
	('banker', 0, 'advisor', 'Advisor', 10),
	('banker', 1, 'banker', 'Banker', 20),
	('banker', 2, 'business_banker', 'Business Banker', 30),
	('banker', 3, 'trader', 'Trader', 40),
	('banker', 4, 'boss', 'Boss', 0),
	('realestateagent', 0, 'renting', 'Renting Agent', 10),
	('realestateagent', 1, 'agent', 'Agent', 25),
	('realestateagent', 2, 'Management', 'Management', 40),
	('realestateagent', 3, 'boss', 'Boss', 0)
;

CREATE TABLE `jobs` (
	`name` VARCHAR(50) NOT NULL,
	`label` VARCHAR(50) DEFAULT NULL,
  	`whitelisted` bit(1) NOT NULL DEFAULT b'1',

	PRIMARY KEY (`name`)
);

INSERT INTO `jobs` (name, label, whitelisted) VALUES
	('unemployed', 'Unemployed', b'0'),
	('ambulance', 'EMS', b'0'),
	('mechanic', 'Mecanicien', b'0'),
	('police', 'SAPD', b'1'),
	('taxi', 'Taxi', b'0'),
	('cardealer', 'Concessionnaire', b'1'),
	('banker', 'Banquier', b'1'),
	('realestateagent', 'Realtor', b'1')
;

CREATE TABLE `owned_vehicles` (
	`owner` VARCHAR(60) NOT NULL,
	`plate` VARCHAR(12) NOT NULL,
	`vehicle` LONGTEXT,
	`type` VARCHAR(20) NOT NULL DEFAULT 'car',
	`job` VARCHAR(20) NULL DEFAULT NULL,
	`stored` TINYINT(1) NOT NULL DEFAULT '0',
	`trunk` LONGTEXT NULL,
	`glovebox` LONGTEXT NULL,

	PRIMARY KEY (`plate`),
	INDEX `owner` (`owner`)
);

CREATE TABLE `ox_inventory` (
	`owner` VARCHAR(60) DEFAULT NULL,
	`name` VARCHAR(100) NOT NULL,
	`data` LONGTEXT DEFAULT NULL,
	`lastupdated` timestamp NULL DEFAULT current_timestamp() ON UPDATE current_timestamp(),
	UNIQUE KEY `owner` (`owner`, `name`)
);

CREATE TABLE `licenses` (
	`type` VARCHAR(60) NOT NULL,
	`label` VARCHAR(60) NOT NULL,

	PRIMARY KEY (`type`)
);

INSERT INTO `licenses` (`type`, `label`) VALUES
	('dmv', 'Code de la route'),
	('drive', 'Permis Voiture'),
	('drive_bike', 'Permis Moto'),
	('drive_truck', 'Permis Poids Lourds'),
	('flight', 'Licence de vol'),
	('boat', 'Permis Bateau');

CREATE TABLE `user_licenses` (
	`id` INT NOT NULL AUTO_INCREMENT,
	`type` VARCHAR(60) NOT NULL,
	`owner` VARCHAR(60) NOT NULL,

	PRIMARY KEY (`id`),
	INDEX `owner` (`owner`)
) ENGINE=InnoDB;

CREATE TABLE `society_moneywash` (
	`id` INT NOT NULL AUTO_INCREMENT,
	`identifier` VARCHAR(60) NOT NULL,
	`society` VARCHAR(60) NOT NULL,
	`amount` INT NOT NULL,

	PRIMARY KEY (`id`)
) ENGINE=InnoDB;

CREATE TABLE `addon_account` (
	`name` VARCHAR(60) NOT NULL,
	`label` VARCHAR(100) NOT NULL,
	`shared` INT NOT NULL,

	PRIMARY KEY (`name`)
);

INSERT INTO `addon_account` (name, label, shared) VALUES
	('society_ambulance', 'EMS', 1),
	('society_mechanic', 'Mécanicien', 1),
	('society_police', 'LSPD', 1),
	('society_taxi', 'Taxi', 1),
	('society_cardealer', 'Concessionnaire', 1),
	('society_banker', 'Banque', 1),
	('society_realestateagent', 'Agence Immobilière', 1),
	('bank_savings', 'Bank Savings', 0)
	;

CREATE TABLE `addon_account_data` (
	`id` INT NOT NULL AUTO_INCREMENT,
	`account_name` VARCHAR(100) DEFAULT NULL,
	`money` INT NOT NULL,
	`owner` VARCHAR(60) DEFAULT NULL,

	PRIMARY KEY (`id`),
	UNIQUE INDEX `index_addon_account_data_account_name_owner` (`account_name`, `owner`),
	INDEX `index_addon_account_data_account_name` (`account_name`)
);

CREATE TABLE `addon_inventory` (
	`name` VARCHAR(60) NOT NULL,
	`label` VARCHAR(100) NOT NULL,
	`shared` INT NOT NULL,

	PRIMARY KEY (`name`)
);

INSERT INTO `addon_inventory` (name, label, shared) VALUES
	('society_ambulance', 'EMS', 1),
	('society_mechanic', 'Mechanic', 1),
	('society_police', 'Police', 1),
	('society_taxi', 'Taxi', 1),
	('society_cardealer', 'Cardealer', 1)
;

CREATE TABLE `addon_inventory_items` (
	`id` INT NOT NULL AUTO_INCREMENT,
	`inventory_name` VARCHAR(100) NOT NULL,
	`name` VARCHAR(100) NOT NULL,
	`count` INT NOT NULL,
	`owner` VARCHAR(60) DEFAULT NULL,

	PRIMARY KEY (`id`),
	INDEX `index_addon_inventory_items_inventory_name_name` (`inventory_name`, `name`),
	INDEX `index_addon_inventory_items_inventory_name_name_owner` (`inventory_name`, `name`, `owner`),
	INDEX `index_addon_inventory_inventory_name` (`inventory_name`)
);

CREATE TABLE `datastore` (
	`name` VARCHAR(60) NOT NULL,
	`label` VARCHAR(100) NOT NULL,
	`shared` INT NOT NULL,

	PRIMARY KEY (`name`)
);

INSERT INTO `datastore` (name, label, shared) VALUES
	('society_ambulance', 'EMS', 1),
	('society_mechanic', 'Mechanic', 1),
	('society_police', 'Police', 1),
	('society_taxi', 'Taxi', 1),
	('property', 'Property', 0)
;

CREATE TABLE `datastore_data` (
	`id` INT NOT NULL AUTO_INCREMENT,
	`name` VARCHAR(60) NOT NULL,
	`owner` VARCHAR(60),
	`data` LONGTEXT,

	PRIMARY KEY (`id`),
	UNIQUE INDEX `index_datastore_data_name_owner` (`name`, `owner`),
	INDEX `index_datastore_data_name` (`name`)
);

CREATE TABLE `billing` (
	`id` INT NOT NULL AUTO_INCREMENT,
	`identifier` VARCHAR(60) NOT NULL,
	`sender` VARCHAR(60) NOT NULL,
	`target_type` VARCHAR(50) NOT NULL,
	`target` VARCHAR(60) NOT NULL,
	`label` VARCHAR(255) NOT NULL,
	`amount` INT NOT NULL,

	PRIMARY KEY (`id`)
);

CREATE TABLE `fine_types` (
	`id` INT NOT NULL AUTO_INCREMENT,
	`label` VARCHAR(255) DEFAULT NULL,
	`amount` INT DEFAULT NULL,
	`category` INT DEFAULT NULL,

	PRIMARY KEY (`id`)
);

INSERT INTO `fine_types` (label, amount, category) VALUES
	('Excés de vitesse supérieur à 10km/h', 500, 0),
	('Excés de vitesse compris entre 10 et 20 km/h', 1000, 0),
	('Faux avertisseurs lumineux', 2000, 0),
	('Non respect du stop', 750, 0),
	('Non respect de la priorité', 750, 0),
	('Phares non utilisés la nuit', 300, 0),
	('Rouler à contre-sens', 400, 0),
	('Stationement génant', 1500, 0),
	('Téléphone au volant', 600, 0),
	('Véhicule en mauvais état', 1000, 0),
	('Conduite sans permis', 3500, 1),
	('Conduite en état altéré', 3500, 1),
	('Excés de vitesse supérieur à 20 km/h', 2500, 1),
	('Excés de vitesse aggravé', 4000, 1),
	('Dissimulation de la plaque', 3500, 1),
	('Défaut de paiement', 3500, 0),
	('Dissimulation de visage', 2500, 0),
	('Fausse alerte', 2500, 0),
	('Filouterie', 2500, 0),
	('Ivresse publique', 2000, 0),
	('Grabuge', 1500, 0),
	('Mendicité', 800, 0),
	('Outrage', 5000, 0),
	('Outrage à la cour', 5000, 0),
	('Refus de donner son identité', 4000, 0),
	('Abus de pouvoir', 0, 2),
	('Abus de pouvoir aggravé', 0, 2),
	('Altération de preuve', 0, 2),
	('Altération de preuve aggravée', 0, 2),
	('Agression sexuelle', 0, 2),
	('Agression sexuelle aggravée', 0, 2),
	('Atteinte à la pudeur', 0, 2),
	('Atteinte aux symboles nationaux', 0, 2),
	('Attroupement illégal', 0, 2),
	('Attroupement illégal aggravé', 0, 2),
	('Association de malfaiteur 1er degré', 0, 2),
	('Braconnage', 0, 2),
	('Brigandage', 0, 2),
	('Brigandage aggravé', 0, 2),
	('Chantage', 0, 2),
	('Corruption', 0, 2),
	('Course illégale', 0, 2),
	('Dégradation majeure', 0, 2),
	('Dégradation majeure aggravée', 0, 2),
	('Délit de fuite', 0, 2),
	('Diffamation', 0, 2),
	('Diffamation aggravée', 0, 2),
	('Destruction', 0, 2),
	('Destruction aggravée', 0, 2),
	('Embuscade', 0, 2),
	('Entrave à la justice', 0, 2),
	('Entrave à la justice aggravée', 0, 2),
	('Entrave aux secours', 0, 2),
	('Entrave aux secours aggravée', 0, 2),
	('Escroquerie', 0, 2),
	('Évasion', 0, 2),
	('Évasion aggravée', 0, 2),
	('Exhiber une arme', 0, 2),
	('Extorsion', 0, 2),
	('Falsification de documents', 0, 2),
	('Falsification de monnaie', 0, 2),
	('Falsification à une administration', 0, 2),
	('Flânerie', 0, 2),
	('Harcélement', 0, 2),
	('Harcélement aggravé', 0, 2),
	('Inciter à une émeute', 0, 2),
	('Incitation au suicide', 0, 2),
	('Injure', 0, 2),
	('Injure aggravée', 0, 2),
	('Intention de vendre des armes', 0, 2),
	('Intention de vendre des stupéfiants', 0, 2),
	('Intrusion', 0, 2),
	('Intrusion aggravée', 0, 2),
	('Menace', 0, 2),
	('Menace aggravée', 0, 2),
	('Mise en péril', 0, 2),
	('Non assistance à personne en danger', 0, 2),
	('Parjure', 0, 2),
	('Parjure aggravé', 0, 2),
	('Possession arme', 0, 2),
	('Possession arme aggravée', 0, 2),
	('Possession de stupéfiants', 0, 2),
	('Possession de stupéfiants aggravée', 0, 2),
	('Piraterie', 0, 2),
	('Recel', 0, 2),
	('RO', 0, 2),
	('Usurpation', 0, 2),
	('Trafic armes', 0, 2),
	('Trafic armes aggravés', 0, 2),
	('Trafic de stupéfiants', 0, 2),
	('Trafic de stupéfiants aggravés', 0, 2),
	('Violence mineure', 0, 2),
	('Violence mineure aggravée', 0, 2),
	('Violence majeure', 0, 2),
	('Violence majeure aggravée', 0, 2),
	('Vol au premier degré', 0, 2),
	('Violence au second degré', 0, 2),
	('Assassinat', 0, 3),
	('Assassinat aggravé', 0, 3),
	('Association de malfaiteurs 2nd degré', 0, 3),
	('Association de malfaiteurs 3ème degré', 0, 3),
	('Braquage', 0, 3),
	('Homicide involontaire', 0, 3),
	('Homicide involontaire aggravé', 0, 3),
	('Proxénétisme', 0, 3),
	('Proxénétisme aggravé', 0, 3),
	('Meurtre', 0, 3),
	('Meurtre aggravé', 0, 3),
	('Mutilation', 0, 3),
	('Mutilation aggravée', 0, 3),
	('Sédition', 0, 3),
	('Séparatisme', 0, 3),
	('Séquestration', 0, 3),
	('Séquestration aggravée', 0, 3),
	('Terrorisme', 0, 3),
	('Violence ayant causées la mort sans intention', 0, 3),
	('Violence ayant causées la mort sans intention aggravées', 0, 3),
	('Viol', 0, 3),
	('Vol au troisième degré', 0, 3),
	('Dégradation mineure', 0, 2),
	('Dégradation mineure aggravée', 0, 2);


CREATE TABLE `cardealer_vehicles` (
	`id` INT NOT NULL AUTO_INCREMENT,
	`vehicle` VARCHAR(255) NOT NULL,
	`price` INT NOT NULL,

	PRIMARY KEY (`id`)
);

CREATE TABLE `vehicle_sold` (
  `id` INT(11) NOT NULL AUTO_INCREMENT,
  `client` varchar(50) NOT NULL,
  `model` varchar(50) NOT NULL,
  `plate` varchar(50) NOT NULL,
  `soldby` varchar(50) NOT NULL,
  `date` varchar(50) NOT NULL,
   PRIMARY KEY (`id`)
) ENGINE=InnoDB;

CREATE TABLE `rented_vehicles` (
	`vehicle` VARCHAR(60) NOT NULL,
	`plate` VARCHAR(12) NOT NULL,
	`player_name` VARCHAR(255) NOT NULL,
	`base_price` INT NOT NULL,
	`rent_price` INT NOT NULL,
	`owner` VARCHAR(60) NOT NULL,

	PRIMARY KEY (`plate`)
);

CREATE TABLE `vehicle_categories` (
	`name` varchar(60) NOT NULL,
	`label` varchar(60) NOT NULL,

	PRIMARY KEY (`name`)
) ENGINE=InnoDB DEFAULT CHARSET=utf8mb4 COLLATE=utf8mb4_unicode_ci;


INSERT INTO `vehicle_categories` (`name`, `label`) VALUES
	('compacts', 'Compacts'),
	('company', 'Entreprises'),
	('coupes', 'Coupes'),
	('cycles', 'Cycles'),
	('emergency', 'Emergency'),
	('import', 'Import'),
	('motorcycles', 'Motos'),
	('muscle', 'Muscle'),
	('offroad', 'Off Road'),
	('sedans', 'Sedans'),
	('sports', 'Sports'),
	('sportsclassics', 'Sports Classics'),
	('super', 'Super'),
	('suvs', 'SUVs'),
	('vans', 'Vans');

CREATE TABLE `vehicles` (
	`name` varchar(60) NOT NULL,
	`model` varchar(60) NOT NULL,
	`price` int NOT NULL,
	`category` varchar(60) DEFAULT NULL,

	PRIMARY KEY (`model`)
) ENGINE=InnoDB DEFAULT CHARSET=utf8mb4 COLLATE=utf8mb4_unicode_ci;


INSERT INTO `vehicles` (`name`, `model`, `price`, `category`) VALUES
	('Adder', 'adder', 365000, 'super'),
	('Akuma', 'akuma', 21000, 'motorcycles'),
	('Alpha', 'alpha', 30000, 'sports'),
	('Ambulance', 'ambulance', 0, 'emergency'),
	('Fiat', 'asbo', 5500, 'compacts'),
	('Asea', 'asea', 8600, 'sedans'),
	('asterope', 'asterope', 9400, 'sedans'),
	('Pfister Astron', 'astron', 55000, 'suvs'),
	('Autarch', 'autarch', 240000, 'super'),
	('Avarus', 'avarus', 16000, 'motorcycles'),
	('Bagger', 'bagger', 18000, 'motorcycles'),
	('Baller', 'baller', 30000, 'suvs'),
	('Baller 2', 'baller2', 48000, 'suvs'),
	('Baller Sport', 'baller3', 58000, 'suvs'),
	('Baller Sport RS', 'baller4', 70000, 'suvs'),
	('Gallivanter Baller ST', 'baller7', 54000, 'suvs'),
	('Banshee', 'banshee', 45000, 'sports'),
	('Banshee 900R', 'banshee2', 205000, 'super'),
	('Bati 801', 'bati', 30000, 'motorcycles'),
	('Bati 801RR', 'bati2', 42000, 'motorcycles'),
	('Bestia GTS', 'bestiagts', 53000, 'sports'),
	('BF400', 'bf400', 26000, 'motorcycles'),
	('Bf Injection', 'bfinjection', 16000, 'offroad'),
	('Bifta', 'bifta', 12000, 'offroad'),
	('Bison', 'bison', 16500, 'vans'),
	('BJXL', 'bjxl', 26000, 'suvs'),
	('Blade', 'blade', 16000, 'muscle'),
	('Blazer', 'blazer', 7500, 'offroad'),
	('Blazer Sport', 'blazer4', 9500, 'offroad'),
	('Blista', 'blista', 6800, 'compacts'),
	('Blista GT', 'blista2', 12000, 'sports'),
	('Blista Super', 'blista3', 13500, 'sports'),
	('BMX', 'bmx', 500, 'cycles'),
	('Bobcat XL', 'bobcatxl', 20000, 'vans'),
	('Bodhi Plus', 'bodhi2', 23000, 'offroad'),
	('Karin Boor', 'boor', 35000, 'offroad'),
	('Brawler', 'brawler', 40000, 'offroad'),
	('Brioso', 'brioso', 12400, 'compacts'),
	('Brison Collection', 'brioso2', 9000, 'compacts'),
	('Grotti Brioso 300 Widebody', 'brioso3', 125000, 'compacts'),
	('Classique Broadway', 'broadway', 60000, 'muscle'),
	('Brutus', 'brutus', 65000, 'offroad'),
	('Btype', 'btype', 54000, 'sportsclassics'),
	('Btype Hotroad', 'btype2', 120000, 'sportsclassics'),
	('Btype Luxe', 'btype3', 95000, 'sportsclassics'),
	('Buccaneer', 'buccaneer', 16500, 'muscle'),
	('Buccaneer Rider', 'buccaneer2', 22000, 'muscle'),
	('Buffalo', 'buffalo', 30000, 'sports'),
	('Buffalo S', 'buffalo2', 40000, 'sports'),
	('Bravado Buffalo STX', 'buffalo4', 74000, 'muscle'),
	('Bullet', 'bullet', 140000, 'super'),
	('Burrito2', 'burrito2', 15500, 'vans'),
	('Burrito', 'burrito3', 19500, 'vans'),
	('Calico', 'calico', 24000, 'sports'),
	('Camper', 'camper', 24000, 'vans'),
	('Caracara', 'caracara2', 62000, 'offroad'),
	('Carbonizzare', 'carbonizzare', 37000, 'sports'),
	('Carbon RS', 'carbonrs', 32000, 'motorcycles'),
	('Casco', 'casco', 40000, 'sportsclassics'),
	('Cavalcade', 'cavalcade', 18000, 'suvs'),
	('Cavalcade RS', 'cavalcade2', 21000, 'suvs'),
	('Dewbauchee Champion', 'champion', 420000, 'super'),
	('Cheburek', 'cheburek', 8500, 'sedans'),
	('Cheetah', 'cheetah', 305000, 'super'),
	('Cheetah Roadster', 'cheetah2', 47500, 'sports'),
	('Chimera', 'chimera', 23500, 'motorcycles'),
	('Chino', 'chino', 19000, 'muscle'),
	('Chino Luxe', 'chino2', 22000, 'muscle'),
	('Lampadati Cinquemila', 'cinquemila', 57000, 'sedans'),
	('Cliffhanger', 'cliffhanger', 17000, 'motorcycles'),
	('Clique', 'clique', 35000, 'muscle'),
	('Club', 'club', 4000, 'compacts'),
	('Cog 55', 'cog55', 48000, 'sedans'),
	('Cognoscenti Cabrio', 'cogcabrio', 20000, 'coupes'),
	('Cognoscenti', 'cognoscenti', 55000, 'sedans'),
	('Comet', 'comet2', 135000, 'sports'),
	('Comet GT', 'comet3', 150000, 'sports'),
	('Comet S', 'comet4', 85000, 'sports'),
	('Comet Supra', 'comet5', 210000, 'sports'),
	('Comet Plus', 'comet6', 235000, 'sports'),
	('Pfister Comet S2 Cabrio', 'comet7', 130000, 'sports'),
	('Contender', 'contender', 48000, 'suvs'),
	('Coquette', 'coquette', 100000, 'sports'),
	('Coquette Classic', 'coquette2', 45000, 'sportsclassics'),
	('Coquette BlackFin', 'coquette3', 42000, 'muscle'),
	('Coquette Supra', 'coquette4', 320000, 'sports'),
	('Lampadati Corsita', 'corsita', 90000, 'sports'),
	('Cruiser', 'cruiser', 250, 'cycles'),
	('Cyclone', 'cyclone', 325000, 'super'),
	('Cypher', 'cypher', 40000, 'sports'),
	('Daemon', 'daemon', 12000, 'motorcycles'),
	('Daemon High', 'daemon2', 13000, 'motorcycles'),
	('Deathbike', 'deathbike', 20000, 'motorcycles'),
	('Defiler', 'defiler', 11000, 'motorcycles'),
	('Enus Deity', 'deity', 72000, 'sedans'),
	('Deveste', 'deveste', 340000, 'sports'),
	('Deviant', 'deviant', 40000, 'muscle'),
	('diablous', 'diablous', 20000, 'motorcycles'),
	('diablous2', 'diablous2', 24000, 'motorcycles'),
	('Dilettante', 'dilettante', 9000, 'compacts'),
	('dloader', 'dloader', 20000, 'offroad'),
	('Dominator', 'dominator', 35000, 'muscle'),
	('Dominator Race', 'dominator2', 42000, 'muscle'),
	('Dominator RS', 'dominator3', 45000, 'muscle'),
	('Dominator S', 'dominator7', 57000, 'sports'),
	('Dominator Classic', 'dominator8', 90000, 'sports'),
	('Double T', 'double', 32000, 'motorcycles'),
	('drafter', 'drafter', 150000, 'sports'),
	('Declasse Draugur', 'draugur', 99000, 'muscle'),
	('Dubsta', 'dubsta', 27000, 'suvs'),
	('Dubsta Luxuary', 'dubsta2', 37000, 'suvs'),
	('Bubsta 6x6', 'dubsta3', 68000, 'offroad'),
	('Dukes', 'dukes', 28000, 'muscle'),
	('Dukes Luxe', 'dukes3', 32000, 'muscle'),
	('Dune Buggy', 'dune', 11500, 'offroad'),
	('dynasty', 'dynasty', 45000, 'sports'),
	('Elegy S', 'elegy', 120000, 'sports'),
	('Elegy', 'elegy2', 55000, 'sports'),
	('Ellie', 'ellie', 45000, 'muscle'),
	('Emerus', 'emerus', 378000, 'super'),
	('Emperor', 'emperor', 15000, 'sedans'),
	('emperor2', 'emperor2', 11600, 'sedans'),
	('Enduro', 'enduro', 8000, 'motorcycles'),
	('Entity RS', 'entity2', 380000, 'super'),
	('Overflod Entity MT', 'entity3', 1500000, 'sports'),
	('Entity XF', 'entityxf', 295000, 'super'),
	('Esskey', 'esskey', 11500, 'motorcycles'),
	('Willard Eudora', 'eudora', 40000, 'muscle'),
	('Euros', 'euros', 48000, 'sports'),
	('Everon', 'everon', 54000, 'offroad'),
	('Karin Hotring Everon', 'everon2', 800000, 'sports'),
	('Exemplar', 'exemplar', 30000, 'coupes'),
	('F620', 'f620', 24000, 'coupes'),
	('Faction', 'faction', 22000, 'muscle'),
	('Faction Rider', 'faction2', 30000, 'muscle'),
	('Faction Lowrider', 'faction3', 18000, 'muscle'),
	('Fagaloa', 'fagaloa', 11400, 'sports'),
	('Faggio', 'faggio', 2000, 'motorcycles'),
	('Vespa', 'faggio2', 2500, 'motorcycles'),
	('Scooter Plus', 'faggio3', 4000, 'motorcycles'),
	('FBI', 'fbi', 0, 'emergency'),
	('FBI2', 'fbi2', 0, 'emergency'),
	('FCR', 'fcr', 21000, 'motorcycles'),
	('FCR Turbo', 'fcr2', 24000, 'motorcycles'),
	('Felon', 'felon', 35000, 'coupes'),
	('Felon GT', 'felon2', 36500, 'coupes'),
	('Feltzer', 'feltzer2', 55000, 'sports'),
	('Stirling GT', 'feltzer3', 105000, 'sportsclassics'),
	('Firetruck', 'firetruk', 0, 'emergency'),
	('Fixter', 'fixter', 700, 'cycles'),
	('Flash GT', 'flashgt', 138000, 'sports'),
	('Dépanneuse à plateau', 'flatbed3', 35000, 'company'),
	('FMJ', 'fmj', 350000, 'super'),
	('Fhantom', 'fq2', 35000, 'suvs'),
	('freecrawler', 'freecrawler', 28000, 'offroad'),
	('Fugitive', 'fugitive', 25000, 'sedans'),
	('Furia', 'furia', 400000, 'super'),
	('Furore GT', 'furoregt', 60000, 'sports'),
	('Fusilade', 'fusilade', 37000, 'sports'),
	('Futo', 'futo', 24000, 'sports'),
	('Futo S', 'futo2', 13500, 'sports'),
	('Gargoyle', 'gargoyle', 20000, 'motorcycles'),
	('Gauntlet', 'gauntlet', 25000, 'muscle'),
	('Gauntlet RS', 'gauntlet2', 35000, 'muscle'),
	('Gauntlet S', 'gauntlet3', 19000, 'muscle'),
	('Gauntlet GT', 'gauntlet4', 42500, 'muscle'),
	('Gauntlet RS LINE', 'gauntlet5', 27000, 'muscle'),
	('gb200', 'gb200', 90000, 'sports'),
	('Gang Burrito', 'gburrito', 37000, 'vans'),
	('Burrito RS', 'gburrito2', 39300, 'vans'),
	('Glendale', 'glendale', 6500, 'sedans'),
	('glendale2', 'glendale2', 10000, 'sedans'),
	('GP1', 'gp1', 380000, 'super'),
	('Grabger', 'granger', 42000, 'suvs'),
	('Declasse Granger 3600LX', 'granger2', 40625, 'suvs'),
	('Bravado Greenwood', 'greenwood', 105000, 'muscle'),
	('Gresley', 'gresley', 26000, 'suvs'),
	('growler', 'growler', 210000, 'sports'),
	('GT 500', 'gt500', 125000, 'sportsclassics'),
	('Guardian', 'guardian', 70000, 'offroad'),
	('habanero', 'habanero', 10000, 'suvs'),
	('Hakuchou', 'hakuchou', 28000, 'motorcycles'),
	('Hakuchou Sport', 'hakuchou2', 35000, 'motorcycles'),
	('hellion', 'hellion', 25000, 'offroad'),
	('Hermes', 'hermes', 85000, 'muscle'),
	('Hexer', 'hexer', 14000, 'motorcycles'),
	('Hotknife', 'hotknife', 50000, 'muscle'),
	('Huntley S', 'huntley', 35000, 'suvs'),
	('Hustler', 'hustler', 64000, 'muscle'),
	('Pegassi Ignus', 'ignus', 485000, 'super'),
	('Imorgron', 'imorgon', 285000, 'sports'),
	('Impaler', 'impaler', 21000, 'muscle'),
	('Impaler S', 'impaler3', 25000, 'muscle'),
	('Imperator', 'imperator', 35000, 'muscle'),
	('Infernus', 'infernus', 275000, 'super'),
	('Infernus GT', 'infernus2', 170000, 'sports'),
	('ingot', 'ingot', 6000, 'sedans'),
	('Innovation', 'innovation', 27000, 'motorcycles'),
	('Intruder', 'intruder', 10000, 'sedans'),
	('Issi', 'issi2', 12000, 'compacts'),
	('Issi Collection', 'issi3', 8500, 'compacts'),
	('Issi Supra', 'issi7', 180000, 'sports'),
	('Weeny Issi Rally', 'issi8', 80000, 'suvs'),
	('Italitgtb', 'italigtb', 330000, 'super'),
	('Italigtb RS', 'italigtb2', 345000, 'super'),
	('Italigo', 'italigto', 267000, 'sports'),
	('Italir Sx', 'italirsx', 350000, 'sports'),
	('Obey I-Wagen', 'iwagen', 48000, 'suvs'),
	('Jackal', 'jackal', 27000, 'coupes'),
	('Jb7002', 'jb7002', 90000, 'sportsclassics'),
	('Jester', 'jester', 50000, 'sports'),
	('Jester S', 'jester3', 40000, 'sports'),
	('Jester Supra', 'jester4', 150000, 'sports'),
	('Journey', 'journey', 9500, 'vans'),
	('Zirconium Journey II', 'journey2', 200000, 'vans'),
	('Enus Jubilee', 'jubilee', 62000, 'suvs'),
	('jugular', 'jugular', 155000, 'sports'),
	('Kalahari', 'kalahari', 10000, 'offroad'),
	('Kamacho', 'kamacho', 95000, 'offroad'),
	('kanjo', 'kanjo', 20000, 'compacts'),
	('Dinka Kanjo SJ', 'kanjosj', 143000, 'coupes'),
	('Khamelion', 'khamelion', 58000, 'sports'),
	('Komoda', 'komoda', 117000, 'sports'),
	('krieger', 'krieger', 375000, 'super'),
	('Landstalker', 'landstalker', 24000, 'suvs'),
	('Landstalker GT Line', 'landstalker2', 44000, 'suvs'),
	('Lectro', 'lectro', 12000, 'motorcycles'),
	('Lifeguard', 'lguard', 0, 'emergency'),
	('Benefactor LM87', 'lm87', 155000, 'super'),
	('locust', 'locust', 150000, 'sports'),
	('Lurcher', 'lurcher', 17500, 'muscle'),
	('Lynx', 'lynx', 115000, 'sports'),
	('Mamba', 'mamba', 190000, 'sports'),
	('Manana', 'manana', 50000, 'sportsclassics'),
	('Manana Light', 'manana2', 15000, 'compacts'),
	('Manchez', 'manchez', 13000, 'motorcycles'),
	('Manchez Supra', 'manchez2', 16000, 'motorcycles'),
	('Maibatsu Manchez Scout C', 'manchez3', 120000, 'motorcycles'),
	('Massacro', 'massacro', 60000, 'sports'),
	('Mesa', 'mesa', 17000, 'suvs'),
	('Mesa Trail', 'mesa3', 35000, 'suvs'),
	('Michelli', 'michelli', 25000, 'sports'),
	('Minivan', 'minivan', 15000, 'vans'),
	('Minivan TR', 'minivan2', 22000, 'vans'),
	('Monroe', 'monroe', 86000, 'sportsclassics'),
	('Moonbeam', 'moonbeam', 14500, 'vans'),
	('Moonbeam Rider', 'moonbeam2', 25000, 'vans'),
	('nebula', 'nebula', 14000, 'coupes'),
	('Nemesis', 'nemesis', 9000, 'motorcycles'),
	('Neo', 'neo', 200000, 'sports'),
	('Neon', 'neon', 180000, 'sports'),
	('Nero', 'nero', 445000, 'super'),
	('Nero RS', 'nero2', 510000, 'super'),
	('Nightblade', 'nightblade', 35000, 'motorcycles'),
	('Nightshade', 'nightshade', 68000, 'muscle'),
	('9F', 'ninef', 55000, 'sports'),
	('9F Cabrio', 'ninef2', 65000, 'sports'),
	('novak', 'novak', 60000, 'suvs'),
	('Omnis', 'omnis', 315000, 'sports'),
	('Obey Omnis e-GT', 'omnisegt', 185000, 'sports'),
	('Oracle', 'oracle', 28000, 'coupes'),
	('Oracle XS', 'oracle2', 32000, 'coupes'),
	('Osiris', 'osiris', 475000, 'super'),
	('outlaw', 'outlaw', 21500, 'offroad'),
	('Toundra Panthere', 'panthere', 1200000, 'sports'),
	('Panto', 'panto', 2500, 'compacts'),
	('Paradise', 'paradise', 18500, 'vans'),
	('Paragon', 'paragon', 220000, 'sports'),
	('Pariah', 'pariah', 125000, 'sports'),
	('Patriot', 'patriot', 50000, 'suvs'),
	('Patriot RS', 'patriot2', 95000, 'suvs'),
	('Mammoth Patriot Mil-Spec', 'patriot3', 110000, 'offroad'),
	('Police Bus', 'pbus', 0, 'emergency'),
	('PCJ-600', 'pcj', 9500, 'motorcycles'),
	('Penetrator', 'penetrator', 345000, 'super'),
	('Penumbra', 'penumbra', 30000, 'sports'),
	('Penumbra GT', 'penumbra2', 45000, 'sports'),
	('Peyote', 'peyote', 25000, 'sportsclassics'),
	('Peyote RS', 'peyote2', 82000, 'sportsclassics'),
	('Peyote GT', 'peyote3', 42000, 'sportsclassics'),
	('Pfister', 'pfister811', 370000, 'super'),
	('Phoenix', 'phoenix', 20000, 'muscle'),
	('Picador', 'picador', 16000, 'muscle'),
	('Pigalle', 'pigalle', 180000, 'sportsclassics'),
	('Police', 'police', 0, 'emergency'),
	('Police 2', 'police2', 0, 'emergency'),
	('Police 3', 'police3', 0, 'emergency'),
	('Police 4', 'police4', 0, 'emergency'),
	('Police Bike', 'policeb', 0, 'emergency'),
	('Police Old 1', 'policeold1', 0, 'emergency'),
	('Police Old 2', 'policeold2', 0, 'emergency'),
	('Policet', 'policet', 0, 'emergency'),
	('Pony', 'pony', 18000, 'vans'),
	('Pony GC', 'pony2', 25000, 'vans'),
	('Dinka Postlude', 'postlude', 90000, 'coupes'),
	('Western Powersurge', 'powersurge', 1500000, 'motorcycles'),
	('Prairie', 'prairie', 8000, 'compacts'),
	('PRanger', 'pranger', 0, 'emergency'),
	('Premier', 'premier', 8000, 'sedans'),
	('Previon', 'previon', 20000, 'sports'),
	('Primo', 'primo', 11000, 'sedans'),
	('Primo Custom', 'primo2', 13000, 'sedans'),
	('Annis 300R', 'r300', 200000, 'sports'),
	('Radius', 'radi', 12000, 'suvs'),
	('Raiden', 'raiden', 127000, 'sports'),
	('rancherxl', 'rancherxl', 11500, 'offroad'),
	('Rapid GT', 'rapidgt', 40000, 'sports'),
	('Rapid GT Convertible', 'rapidgt2', 48000, 'sports'),
	('Rapid GT3', 'rapidgt3', 195000, 'sportsclassics'),
	('Raptor', 'raptor', 35000, 'motorcycles'),
	('ratbike', 'ratbike', 4000, 'motorcycles'),
	('Ratloader', 'ratloader', 13000, 'muscle'),
	('Ratloader RS', 'ratloader2', 25000, 'muscle'),
	('Reaper', 'reaper', 290000, 'super'),
	('rebel', 'rebel', 12500, 'offroad'),
	('Rebel R', 'rebel2', 15000, 'offroad'),
	('Rebla', 'rebla', 60000, 'suvs'),
	('Mammoth Patriot Mil-Spec', 'reever', 35000, 'motorcycles'),
	('Regina', 'regina', 5000, 'sedans'),
	('Remus', 'remus', 20000, 'sports'),
	('Retinue', 'retinue', 45000, 'sportsclassics'),
	('Retinue S', 'retinue2', 35000, 'sports'),
	('Revolter', 'revolter', 215000, 'sports'),
	('Rhapsody', 'rhapsody', 5200, 'compacts'),
	('Rhinehart', 'rhineheart', 105000, 'sedans'),
	('Riata', 'riata', 16500, 'offroad'),
	('Riot', 'riot', 0, 'emergency'),
	('Riot 2', 'riot2', 0, 'emergency'),
	('Rocoto', 'rocoto', 35000, 'suvs'),
	('Romero (Corbillard)', 'romero', 12500, 'sedans'),
	('RT 3000', 'rt3000', 20000, 'sports'),
	('Ruffian', 'ruffian', 20000, 'motorcycles'),
	('Ruiner', 'ruiner', 18000, 'muscle'),
	('ruiner3', 'ruiner3', 1500, 'muscle'),
	('Imponte Ruiner ZZ-8', 'ruiner4', 85000, 'muscle'),
	('Rumpo', 'rumpo', 30000, 'vans'),
	('Rumpo GC', 'rumpo3', 45000, 'vans'),
	('Ruston', 'ruston', 127000, 'sports'),
	('Sabre Turbo', 'sabregt', 22500, 'muscle'),
	('Sabre GT', 'sabregt2', 30000, 'muscle'),
	('Sanchez', 'sanchez', 6500, 'motorcycles'),
	('Sanchez Sport', 'sanchez2', 8000, 'motorcycles'),
	('Sanctus', 'sanctus', 40000, 'motorcycles'),
	('Sandking', 'sandking', 55000, 'offroad'),
	('Sandking Supra', 'sandking2', 45000, 'offroad'),
	('Savestra', 'savestra', 90000, 'sportsclassics'),
	('SC 1', 'sc1', 335000, 'super'),
	('Schafter', 'schafter2', 20000, 'sedans'),
	('Schafter V12', 'schafter3', 115000, 'sports'),
	('Schlagern', 'schlagen', 195000, 'sports'),
	('Schwarzer', 'schwarzer', 58000, 'sports'),
	('Scorcher', 'scorcher', 1000, 'cycles'),
	('Seminole', 'seminole', 9500, 'suvs'),
	('Seminole Super', 'seminole2', 15000, 'suvs'),
	('Sentinel', 'sentinel', 25000, 'coupes'),
	('Sentinel XS', 'sentinel2', 30000, 'coupes'),
	('Sentinel XLS', 'sentinel3', 80000, 'sports'),
	('Ubermacht Sentinel Classic Widebody', 'sentinel4', 140000, 'sportsclassics'),
	('Serrano', 'serrano', 8500, 'suvs'),
	('Seven 70', 'seven70', 120000, 'sports'),
	('Sheriff', 'sheriff', 0, 'emergency'),
	('Sheriff 2', 'sheriff2', 0, 'emergency'),
	('Nagasaki Shinobi', 'shinobi', 46000, 'motorcycles'),
	('Slamvan', 'slamvan', 18000, 'muscle'),
	('Slamvan RS', 'slamvan2', 22500, 'muscle'),
	('Slamvan S', 'slamvan3', 20000, 'muscle'),
	('Benefactor SM722', 'sm722', 125000, 'super'),
	('Sovereign', 'sovereign', 22000, 'motorcycles'),
	('Specter', 'specter', 110000, 'sports'),
	('Speedo', 'speedo', 13000, 'vans'),
	('Speedo Business', 'speedo2', 18000, 'vans'),
	('Speedo GC', 'speedo4', 15000, 'vans'),
	('squaddie', 'squaddie', 50000, 'suvs'),
	('Stafford', 'stafford', 28000, 'sedans'),
	('Stalion', 'stalion', 18000, 'muscle'),
	('BurgerShot', 'stalion2', 50000, 'muscle'),
	('Stanier', 'stanier', 15000, 'sedans'),
	('Stinger', 'stinger', 85000, 'sportsclassics'),
	('Stinger GT', 'stingergt', 100000, 'sportsclassics'),
	('stratum', 'stratum', 9600, 'sedans'),
	('Streiter', 'streiter', 40000, 'suvs'),
	('Stretch', 'stretch', 70000, 'sedans'),
	('Stryder', 'stryder', 31000, 'motorcycles'),
	('Sugoi', 'sugoi', 65000, 'sports'),
	('Sultan', 'sultan', 42000, 'sports'),
	('Sultan Dritf', 'sultan2', 128000, 'sports'),
	('Sultan Race', 'sultan3', 150000, 'sports'),
	('Sultan RS', 'sultanrs', 305000, 'super'),
	('Super Diamond', 'superd', 30000, 'sedans'),
	('Surano', 'surano', 50000, 'sports'),
	('Surfer', 'surfer', 25000, 'vans'),
	('Surfer Skyline', 'surfer2', 17700, 'vans'),
	('BF Surfer Custom', 'surfer3', 55000, 'vans'),
	('surge', 'surge', 26500, 'sedans'),
	('swinger', 'swinger', 62500, 'sports'),
	('T20', 't20', 370000, 'super'),
	('Declasse Tahome Coupa', 'tahoma', 50000, 'muscle'),
	('Tailgater', 'tailgater', 30000, 'sedans'),
	('Tailgater S', 'tailgater2', 158000, 'sports'),
	('Taipan', 'taipan', 375000, 'super'),
	('Tampa', 'tampa', 25000, 'muscle'),
	('Drift Tampa', 'tampa2', 215500, 'sports'),
	('Taxi', 'taxi', 20000, 'company'),
	('Tempesta', 'tempesta', 410000, 'super'),
	('Obey 10F', 'tenf', 185000, 'sports'),
	('Obey 10F Widebody', 'tenf2', 215000, 'sports'),
	('Tezeract', 'tezeract', 550000, 'super'),
	('Thrax', 'thrax', 450000, 'super'),
	('Thrust', 'thrust', 25000, 'motorcycles'),
	('Tigon', 'tigon', 285000, 'super'),
	('Torero', 'torero', 25000, 'sports'),
	('Pegassi Torero XO', 'torero2', 245000, 'super'),
	('Tornado', 'tornado', 28500, 'sports'),
	('Tornado S', 'tornado2', 14000, 'sports'),
	('Tornado Light', 'tornado3', 11500, 'sports'),
	('tornado4', 'tornado4', 8000, 'sports'),
	('Tornado RS', 'tornado5', 32500, 'sports'),
	('tornado6', 'tornado6', 9600, 'sports'),
	('toros', 'toros', 145000, 'suvs'),
	('Tri bike', 'tribike', 1500, 'cycles'),
	('Tri bike', 'tribike2', 1550, 'cycles'),
	('Tri bike', 'tribike3', 1600, 'cycles'),
	('Trophy Truck', 'trophytruck', 60000, 'offroad'),
	('Trophy Truck Limited', 'trophytruck2', 80000, 'offroad'),
	('Tropos', 'tropos', 146500, 'sports'),
	('Tulipe', 'tulip', 26000, 'muscle'),
	('Declasse Tulip M-100', 'tulip2', 60000, 'muscle'),
	('Turismo', 'turismo2', 230000, 'sports'),
	('Turismo R', 'turismor', 380000, 'super'),
	('Tyrant', 'tyrant', 515000, 'super'),
	('Tyrus', 'tyrus', 325000, 'super'),
	('Vacca', 'vacca', 280000, 'super'),
	('Vader', 'vader', 10000, 'motorcycles'),
	('Vagner', 'vagner', 350000, 'super'),
	('Vagrant', 'vagrant', 35000, 'offroad'),
	('Vamos', 'vamos', 18000, 'muscle'),
	('Vectre', 'vectre', 120000, 'sports'),
	('Verlierer', 'verlierer2', 138000, 'sports'),
	('Verus', 'verus', 17500, 'offroad'),
	('Veto', 'veto', 17000, 'sports'),
	('Veto2', 'veto2', 28000, 'sports'),
	('Vigero', 'vigero', 14000, 'muscle'),
	('Declasse Vigero ZX', 'vigero2', 105000, 'muscle'),
	('Vindicator', 'vindicator', 24000, 'motorcycles'),
	('Virgo', 'virgo', 14000, 'muscle'),
	('Virgo S', 'virgo2', 15000, 'muscle'),
	('Virgo RS', 'virgo3', 18000, 'muscle'),
	('Ocelot Virtue', 'virtue', 2000000, 'super'),
	('Viseris', 'viseris', 225000, 'sportsclassics'),
	('Visione', 'visione', 400000, 'super'),
	('Voltic', 'voltic', 235000, 'super'),
	('Voodoo', 'voodoo', 8500, 'muscle'),
	('voodoo2', 'voodoo2', 7500, 'muscle'),
	('Vortex', 'vortex', 15000, 'motorcycles'),
	('VSTR', 'vstr', 215000, 'sports'),
	('Warrener', 'warrener', 12000, 'sedans'),
	('Warrener GT', 'warrener2', 30000, 'sports'),
	('Washington', 'washington', 15000, 'sedans'),
	('Weevil', 'weevil', 14000, 'compacts'),
	('BF Weevil Custom', 'weevil2', 95000, 'muscle'),
	('Windsor', 'windsor', 50000, 'coupes'),
	('Windsor Drop', 'windsor2', 61000, 'coupes'),
	('Winky', 'winky', 45000, 'offroad'),
	('Woflsbane', 'wolfsbane', 11200, 'motorcycles'),
	('XA21', 'xa21', 380000, 'super'),
	('XLS', 'xls', 35000, 'suvs'),
	('Yosemite', 'yosemite', 24500, 'muscle'),
	('Yosemite RS', 'yosemite2', 48000, 'muscle'),
	('Yosemite GT', 'yosemite3', 35000, 'muscle'),
	('Youga', 'youga', 25000, 'vans'),
	('Youga Luxuary', 'youga2', 40000, 'vans'),
	('youga3', 'youga3', 50000, 'vans'),
	('Vapid Youga Custom', 'youga4', 35000, 'vans'),
	('Z190', 'z190', 120000, 'sportsclassics'),
	('Overflod Zeno', 'zeno', 527777, 'super'),
	('Zentorno', 'zentorno', 460000, 'super'),
	('Zion', 'zion', 21000, 'coupes'),
	('Zion Cabrio', 'zion2', 26000, 'coupes'),
	('Zion RS', 'zion3', 108000, 'sports'),
	('Zombie', 'zombiea', 10500, 'motorcycles'),
	('Zombie Luxuary', 'zombieb', 12000, 'motorcycles'),
	('Zorruso', 'zorrusso', 530000, 'super'),
	('zr350', 'zr350', 115000, 'sports'),
	('Z-Type', 'ztype', 285000, 'sportsclassics');


CREATE TABLE IF NOT EXISTS `player_outfit_codes` (
  `id` int(11) NOT NULL AUTO_INCREMENT,
  `outfitid` int(11) NOT NULL,
  `code` varchar(50) NOT NULL DEFAULT '',
  PRIMARY KEY (`id`),
  KEY `FK_player_outfit_codes_player_outfits` (`outfitid`)
) ENGINE=InnoDB DEFAULT CHARSET=utf8mb4 COLLATE=utf8mb4_general_ci;

CREATE TABLE IF NOT EXISTS `player_outfits` (
  `id` int(11) NOT NULL AUTO_INCREMENT,
  `citizenid` varchar(50) DEFAULT NULL,
  `outfitname` varchar(50) NOT NULL DEFAULT '0',
  `model` varchar(50) DEFAULT NULL,
  `props` varchar(1000) DEFAULT NULL,
  `components` varchar(1500) DEFAULT NULL,
  PRIMARY KEY (`id`),
  UNIQUE KEY `citizenid_outfitname_model` (`citizenid`,`outfitname`,`model`),
  KEY `citizenid` (`citizenid`)
) ENGINE=InnoDB AUTO_INCREMENT=26 DEFAULT CHARSET=utf8mb4;

-- CREATE TABLE `outfits` (
-- 	`id` INT NOT NULL AUTO_INCREMENT,
-- 	`identifier` VARCHAR(60) NOT NULL,
-- 	`name` LONGTEXT,
-- 	`ped` LONGTEXT,
-- 	`components` LONGTEXT,
-- 	`props` LONGTEXT,

-- 	PRIMARY KEY (`id`),
-- 	UNIQUE KEY `id_UNIQUE` (`id`)
-- );

CREATE TABLE `user_parkings` (
  
  `id` int(11) NOT NULL AUTO_INCREMENT,
  `identifier` varchar(60) DEFAULT NULL,
  `garage` varchar(60) DEFAULT NULL,
  `zone` int(11) NOT NULL,
  `vehicle` LONGTEXT,

  PRIMARY KEY (`id`)
);


CREATE TABLE IF NOT EXISTS `factions` (
  `name` varchar(50) NOT NULL,
  `label` varchar(50) DEFAULT NULL,
  PRIMARY KEY (`name`) USING BTREE
) ENGINE=InnoDB DEFAULT CHARSET=utf8;

INSERT INTO `factions` (`name`, `label`) VALUES ('nofaction', 'Sans Faction');

CREATE TABLE IF NOT EXISTS `faction_grades` (
  `id` int(11) NOT NULL AUTO_INCREMENT,
  `faction_name` varchar(50) COLLATE utf8mb4_bin DEFAULT NULL,
  `grade` int(11) NOT NULL,
  `name` varchar(50) COLLATE utf8mb4_bin NOT NULL,
  `label` varchar(50) COLLATE utf8mb4_bin NOT NULL,
  `salary` int(11) NOT NULL,
  `skin_male` longtext COLLATE utf8mb4_bin NOT NULL,
  `skin_female` longtext COLLATE utf8mb4_bin NOT NULL,
  PRIMARY KEY (`id`)
) ENGINE=InnoDB AUTO_INCREMENT=45 DEFAULT CHARSET=utf8mb4 COLLATE=utf8mb4_bin;

INSERT INTO `faction_grades` (`id`, `faction_name`, `grade`, `name`, `label`, `salary`, `skin_male`, `skin_female`) VALUES (1, 'nofaction', 0, 'nofaction', 'Sans faction', 0, '{}', '{}');

ALTER TABLE `users` ADD `callsign` VARCHAR(3) NULL DEFAULT '000' AFTER `last_connection`;