ALTER DATABASE `{{dbName}}`
	DEFAULT CHARACTER SET UTF8MB4;
	
ALTER DATABASE `{{dbName}}`
	DEFAULT COLLATE UTF8MB4_UNICODE_CI;

USE `{{dbName}}`;

CREATE TABLE `users` (
	`identifier` VARCHAR(60) NOT NULL,
	`accounts` LONGTEXT NULL DEFAULT NULL,
	`group` VARCHAR(50) NULL DEFAULT 'user',
	`inventory` LONGTEXT NULL DEFAULT NULL,
	`job` VARCHAR(20) NULL DEFAULT 'unemployed',
	`job_grade` INT NULL DEFAULT 0,
	`faction` VARCHAR(20) NULL DEFAULT 'unemployed',
	`faction_grade` INT NULL DEFAULT 0,
	`position` VARCHAR(255) NOT NULL DEFAULT '{"x":-269.4,"y":-955.3,"z":31.2,"heading":205.8}',
	`firstname` VARCHAR(16) NULL DEFAULT NULL,
	`lastname` VARCHAR(16) NULL DEFAULT NULL,
	`dateofbirth` VARCHAR(10) NULL DEFAULT NULL,
	`sex` VARCHAR(1) NULL DEFAULT NULL,
	`height` INT NULL DEFAULT NULL,
	`skin` LONGTEXT NULL DEFAULT NULL,
	`phone_number` VARCHAR(20) DEFAULT NULL,
	`status` LONGTEXT NULL,
	`loadout` LONGTEXT NULL DEFAULT NULL,
	`last_property` VARCHAR(255) NULL,
	`is_dead` TINYINT(1) NULL DEFAULT '0',
	`disabled` TINYINT(1) NULL DEFAULT '0',
	`last_connection` varchar(20) DEFAULT NULL,

	PRIMARY KEY (`identifier`)
);

CREATE TABLE `items` (
	`name` VARCHAR(50) NOT NULL,
	`label` VARCHAR(50) NOT NULL,
	`weight` INT NOT NULL DEFAULT 1,
	`rare` TINYINT NOT NULL DEFAULT 0,
	`can_remove` TINYINT NOT NULL DEFAULT 1,

	PRIMARY KEY (`name`)
);

CREATE TABLE `job_grades` (
	`id` INT NOT NULL AUTO_INCREMENT,
	`job_name` VARCHAR(50) DEFAULT NULL,
	`grade` INT NOT NULL,
	`name` VARCHAR(50) NOT NULL,
	`label` VARCHAR(50) NOT NULL,
	`salary` INT NOT NULL,
	`skin_male` LONGTEXT NOT NULL DEFAULT '{}',
	`skin_female` LONGTEXT NOT NULL DEFAULT '{}',

	PRIMARY KEY (`id`)
);

INSERT INTO `job_grades` (job_name, grade, name, label, salary) VALUES
	('unemployed', 0, 'unemployed', 'Unemployed', 200),
	('ambulance', 0, 'ambulance', 'Jr. EMT', 20),
	('ambulance', 1, 'doctor', 'EMT', 40),
	('ambulance', 2, 'chief_doctor', 'Sr. EMT', 60),
	('ambulance', 3, 'boss', 'EMT Supervisor', 80),
	('mechanic', 0, 'recruit', 'Recruit', 12),
	('mechanic', 1, 'novice', 'Novice', 24),
	('mechanic', 2, 'experienced', 'Experienced', 36),
	('mechanic', 3, 'leader', 'Leader', 48),
	('mechanic', 4, 'boss', 'Boss', 0),
	('police', 0, 'recruit', 'Recruit', 20),
	('police', 1, 'officer', 'Officer', 40),
	('police', 2, 'sergeant', 'Sergeant', 60),
	('police', 3, 'lieutenant', 'Lieutenant', 85),
	('police', 4, 'boss', 'Chief', 100),
	('taxi', 0, 'recruit', 'Recruit', 12),
	('taxi', 1, 'novice', 'Cabby', 24),
	('taxi', 2, 'experienced', 'Experienced', 36),
	('taxi', 3, 'uber', 'Uber Cabby', 48),
	('cardealer', 0, 'recruit', 'Recruit', 10),
	('cardealer', 1, 'novice', 'Novice', 25),
	('cardealer', 2, 'experienced', 'Experienced', 40),
	('cardealer', 3, 'boss', 'Boss', 0),
	('banker', 0, 'advisor', 'Advisor', 10),
	('banker', 1, 'banker', 'Banker', 20),
	('banker', 2, 'business_banker', 'Business Banker', 30),
	('banker', 3, 'trader', 'Trader', 40),
	('banker', 4, 'boss', 'Boss', 0),
	('realestateagent', 0, 'renting', 'Renting Agent', 10),
	('realestateagent', 1, 'agent', 'Agent', 25),
	('realestateagent', 2, 'Management', 'Management', 40),
	('realestateagent', 3, 'boss', 'Boss', 0)
;

CREATE TABLE `jobs` (
	`name` VARCHAR(50) NOT NULL,
	`label` VARCHAR(50) DEFAULT NULL,
  	`whitelisted` bit(1) NOT NULL DEFAULT b'1',

	PRIMARY KEY (`name`)
);

INSERT INTO `jobs` (name, label, whitelisted) VALUES
	('unemployed', 'Unemployed', b'0'),
	('ambulance', 'EMS', b'0'),
	('fire', 'Fire Dept.', b'0'),
	('mechanic', 'Mecanicien', b'0'),
	('police', 'LSPD', b'1'),
	('bcso', 'BCSO', b'1'),
	('taxi', 'Taxi', b'0'),
	('cardealer', 'Concessionnaire', b'1'),
	('banker', 'Banquier', b'1'),
	('realestateagent', 'Realtor', b'1')
;

CREATE TABLE `multicharacter_slots` (
	`identifier` VARCHAR(60) NOT NULL,
	`slots` INT(11) NOT NULL,

	PRIMARY KEY (`identifier`) USING BTREE,
	INDEX `slots` (`slots`) USING BTREE
);

CREATE TABLE `owned_vehicles` (
	`owner` VARCHAR(60) NOT NULL,
	`plate` VARCHAR(12) NOT NULL,
	`vehicle` LONGTEXT,
	`type` VARCHAR(20) NOT NULL DEFAULT 'car',
	`job` VARCHAR(20) NULL DEFAULT NULL,
	`stored` TINYINT(1) NOT NULL DEFAULT '0',
	`trunk` LONGTEXT NULL,
	`glovebox` LONGTEXT NULL,

	PRIMARY KEY (`plate`),
	INDEX `owner` (`owner`)
);

CREATE TABLE `ox_inventory` (
	`owner` VARCHAR(60) DEFAULT NULL,
	`name` VARCHAR(100) NOT NULL,
	`data` LONGTEXT DEFAULT NULL,
	`lastupdated` timestamp NULL DEFAULT current_timestamp() ON UPDATE current_timestamp(),
	UNIQUE KEY `owner` (`owner`, `name`)
);

CREATE TABLE `licenses` (
	`type` VARCHAR(60) NOT NULL,
	`label` VARCHAR(60) NOT NULL,

	PRIMARY KEY (`type`)
);

INSERT INTO `licenses` (`type`, `label`) VALUES
	('dmv', 'Code de la route'),
	('drive', 'Permis Voiture'),
	('drive_bike', 'Permis Moto'),
	('drive_truck', 'Permis Poids Lourds'),
	('flight', 'Licence de vol'),
	('boat', 'Permis Bateau');

CREATE TABLE `user_licenses` (
	`id` INT NOT NULL AUTO_INCREMENT,
	`type` VARCHAR(60) NOT NULL,
	`owner` VARCHAR(60) NOT NULL,

	PRIMARY KEY (`id`),
	INDEX `owner` (`owner`)
);

CREATE TABLE `society_moneywash` (
	`id` INT NOT NULL AUTO_INCREMENT,
	`identifier` VARCHAR(60) NOT NULL,
	`society` VARCHAR(60) NOT NULL,
	`amount` INT NOT NULL,

	PRIMARY KEY (`id`)
);

CREATE TABLE `addon_account` (
	`name` VARCHAR(60) NOT NULL,
	`label` VARCHAR(100) NOT NULL,
	`shared` INT NOT NULL,

	PRIMARY KEY (`name`)
);

INSERT INTO `addon_account` (name, label, shared) VALUES
	('society_ambulance', 'EMS', 1),
	('society_mechanic', 'Mécanicien', 1),
	('society_police', 'LSPD', 1),
	('society_taxi', 'Taxi', 1),
	('society_cardealer', 'Concessionnaire', 1),
	('society_banker', 'Banque', 1),
	('society_realestateagent', 'Agence Immobilière', 1),
	('bank_savings', 'Bank Savings', 0),
	('property_black_money', 'Money Sale Property', 0)
;

CREATE TABLE `addon_account_data` (
	`id` INT NOT NULL AUTO_INCREMENT,
	`account_name` VARCHAR(100) DEFAULT NULL,
	`money` INT NOT NULL,
	`owner` VARCHAR(60) DEFAULT NULL,

	PRIMARY KEY (`id`),
	UNIQUE INDEX `index_addon_account_data_account_name_owner` (`account_name`, `owner`),
	INDEX `index_addon_account_data_account_name` (`account_name`)
);

CREATE TABLE `addon_inventory` (
	`name` VARCHAR(60) NOT NULL,
	`label` VARCHAR(100) NOT NULL,
	`shared` INT NOT NULL,

	PRIMARY KEY (`name`)
);

INSERT INTO `addon_inventory` (name, label, shared) VALUES
	('society_ambulance', 'EMS', 1),
	('society_mechanic', 'Mechanic', 1),
	('society_police', 'Police', 1),
	('society_taxi', 'Taxi', 1),
	('society_cardealer', 'Cardealer', 1),
	('property', 'Property', 0)
;

CREATE TABLE `addon_inventory_items` (
	`id` INT NOT NULL AUTO_INCREMENT,
	`inventory_name` VARCHAR(100) NOT NULL,
	`name` VARCHAR(100) NOT NULL,
	`count` INT NOT NULL,
	`owner` VARCHAR(60) DEFAULT NULL,

	PRIMARY KEY (`id`),
	INDEX `index_addon_inventory_items_inventory_name_name` (`inventory_name`, `name`),
	INDEX `index_addon_inventory_items_inventory_name_name_owner` (`inventory_name`, `name`, `owner`),
	INDEX `index_addon_inventory_inventory_name` (`inventory_name`)
);

CREATE TABLE `datastore` (
	`name` VARCHAR(60) NOT NULL,
	`label` VARCHAR(100) NOT NULL,
	`shared` INT NOT NULL,

	PRIMARY KEY (`name`)
);

INSERT INTO `datastore` (name, label, shared) VALUES
	('society_ambulance', 'EMS', 1),
	('society_mechanic', 'Mechanic', 1),
	('society_police', 'Police', 1),
	('society_taxi', 'Taxi', 1),
	('property', 'Property', 0)
;

CREATE TABLE `datastore_data` (
	`id` INT NOT NULL AUTO_INCREMENT,
	`name` VARCHAR(60) NOT NULL,
	`owner` VARCHAR(60),
	`data` LONGTEXT,

	PRIMARY KEY (`id`),
	UNIQUE INDEX `index_datastore_data_name_owner` (`name`, `owner`),
	INDEX `index_datastore_data_name` (`name`)
);

CREATE TABLE `owned_properties` (
	`id` INT(11) NOT NULL AUTO_INCREMENT,
	`name` VARCHAR(255) NOT NULL,
	`price` DOUBLE NOT NULL,
	`rented` INT(11) NOT NULL,
	`owner` VARCHAR(60) NOT NULL,

	PRIMARY KEY (`id`)
);

CREATE TABLE `properties` (
	`id` INT(11) NOT NULL AUTO_INCREMENT,
	`name` VARCHAR(255) DEFAULT NULL,
	`label` VARCHAR(255) DEFAULT NULL,
	`entering` VARCHAR(255) DEFAULT NULL,
	`exit` VARCHAR(255) DEFAULT NULL,
	`inside` VARCHAR(255) DEFAULT NULL,
	`outside` VARCHAR(255) DEFAULT NULL,
	`ipls` VARCHAR(255) DEFAULT '[]',
	`gateway` VARCHAR(255) DEFAULT NULL,
	`is_single` INT(11) DEFAULT NULL,
	`is_room` INT(11) DEFAULT NULL,
	`is_gateway` INT(11) DEFAULT NULL,
	`room_menu` VARCHAR(255) DEFAULT NULL,
	`price` INT(11) NOT NULL,

	PRIMARY KEY (`id`)
);

INSERT INTO `properties` VALUES
	(1, 'WhispymoundDrive', '2677 Whispymound Drive', '{\"y\":564.89, \"z\":182.959, \"x\":119.384}', '{\"x\":117.347, \"y\":559.506, \"z\":183.304}', '{\"y\":557.032, \"z\":183.301, \"x\":118.037}', '{\"y\":567.798, \"z\":182.131, \"x\":119.249}', '[]', NULL, 1, 1, 0, '{\"x\":118.748, \"y\":566.573, \"z\":175.697}', 1500000),
	(2, 'NorthConkerAvenue2045', '2045 North Conker Avenue', '{\"x\":372.796, \"y\":428.327, \"z\":144.685}', '{\"x\":373.548, \"y\":422.982, \"z\":144.907}', '{\"y\":420.075, \"z\":145.904, \"x\":372.161}', '{\"x\":372.454, \"y\":432.886, \"z\":143.443}', '[]', NULL, 1, 1, 0, '{\"x\":377.349, \"y\":429.422, \"z\":137.3}', 1500000),
	(3, 'RichardMajesticApt2', 'Richard Majestic, Apt 2', '{\"y\":-379.165, \"z\":37.961, \"x\":-936.363}', '{\"y\":-365.476, \"z\":113.274, \"x\":-913.097}', '{\"y\":-367.637, \"z\":113.274, \"x\":-918.022}', '{\"y\":-382.023, \"z\":37.961, \"x\":-943.626}', '[]', NULL, 1, 1, 0, '{\"x\":-927.554, \"y\":-377.744, \"z\":112.674}', 1700000),
	(4, 'NorthConkerAvenue2044', '2044 North Conker Avenue', '{\"y\":440.8, \"z\":146.702, \"x\":346.964}', '{\"y\":437.456, \"z\":148.394, \"x\":341.683}', '{\"y\":435.626, \"z\":148.394, \"x\":339.595}', '{\"x\":350.535, \"y\":443.329, \"z\":145.764}', '[]', NULL, 1, 1, 0, '{\"x\":337.726, \"y\":436.985, \"z\":140.77}', 1500000),
	(5, 'WildOatsDrive', '3655 Wild Oats Drive', '{\"y\":502.696, \"z\":136.421, \"x\":-176.003}', '{\"y\":497.817, \"z\":136.653, \"x\":-174.349}', '{\"y\":495.069, \"z\":136.666, \"x\":-173.331}', '{\"y\":506.412, \"z\":135.0664, \"x\":-177.927}', '[]', NULL, 1, 1, 0, '{\"x\":-174.725, \"y\":493.095, \"z\":129.043}', 1500000),
	(6, 'HillcrestAvenue2862', '2862 Hillcrest Avenue', '{\"y\":596.58, \"z\":142.641, \"x\":-686.554}', '{\"y\":591.988, \"z\":144.392, \"x\":-681.728}', '{\"y\":590.608, \"z\":144.392, \"x\":-680.124}', '{\"y\":599.019, \"z\":142.059, \"x\":-689.492}', '[]', NULL, 1, 1, 0, '{\"x\":-680.46, \"y\":588.6, \"z\":136.769}', 1500000),
	(7, 'LowEndApartment', 'Basic apartment', '{\"y\":-1078.735, \"z\":28.4031, \"x\":292.528}', '{\"y\":-1007.152, \"z\":-102.002, \"x\":265.845}', '{\"y\":-1002.802, \"z\":-100.008, \"x\":265.307}', '{\"y\":-1078.669, \"z\":28.401, \"x\":296.738}', '[]', NULL, 1, 1, 0, '{\"x\":265.916, \"y\":-999.38, \"z\":-100.008}', 562500),
	(8, 'MadWayneThunder', '2113 Mad Wayne Thunder', '{\"y\":454.955, \"z\":96.462, \"x\":-1294.433}', '{"x":-1289.917, "y":449.541, "z":96.902}', '{\"y\":446.322, \"z\":96.899, \"x\":-1289.642}', '{\"y\":455.453, \"z\":96.517, \"x\":-1298.851}', '[]', NULL, 1, 1, 0, '{\"x\":-1287.306, \"y\":455.901, \"z\":89.294}', 1500000),
	(9, 'HillcrestAvenue2874', '2874 Hillcrest Avenue', '{\"x\":-853.346, \"y\":696.678, \"z\":147.782}', '{\"y\":690.875, \"z\":151.86, \"x\":-859.961}', '{\"y\":688.361, \"z\":151.857, \"x\":-859.395}', '{\"y\":701.628, \"z\":147.773, \"x\":-855.007}', '[]', NULL, 1, 1, 0, '{\"x\":-858.543, \"y\":697.514, \"z\":144.253}', 1500000),
	(10, 'HillcrestAvenue2868', '2868 Hillcrest Avenue', '{\"y\":620.494, \"z\":141.588, \"x\":-752.82}', '{\"y\":618.62, \"z\":143.153, \"x\":-759.317}', '{\"y\":617.629, \"z\":143.153, \"x\":-760.789}', '{\"y\":621.281, \"z\":141.254, \"x\":-750.919}', '[]', NULL, 1, 1, 0, '{\"x\":-762.504, \"y\":618.992, \"z\":135.53}', 1500000),
	(11, 'TinselTowersApt12', 'Tinsel Towers, Apt 42', '{\"y\":37.025, \"z\":42.58, \"x\":-618.299}', '{\"y\":58.898, \"z\":97.2, \"x\":-603.301}', '{\"y\":58.941, \"z\":97.2, \"x\":-608.741}', '{\"y\":30.603, \"z\":42.524, \"x\":-620.017}', '[]', NULL, 1, 1, 0, '{\"x\":-622.173, \"y\":54.585, \"z\":96.599}', 1700000),
	(12, 'MiltonDrive', 'Milton Drive', '{\"x\":-775.17, \"y\":312.01, \"z\":84.658}', NULL, NULL, '{\"x\":-775.346, \"y\":306.776, \"z\":84.7}', '[]', NULL, 0, 0, 1, NULL, 0),
	(13, 'Modern1Apartment', 'Modern Apartment 1', NULL, '{\"x\":-784.194, \"y\":323.636, \"z\":210.997}', '{\"x\":-779.751, \"y\":323.385, \"z\":210.997}', NULL, '[\"apa_v_mp_h_01_a\"]', 'MiltonDrive', 0, 1, 0, '{\"x\":-766.661, \"y\":327.672, \"z\":210.396}', 1300000),
	(14, 'Modern2Apartment', 'Modern Apartment 2', NULL, '{\"x\":-786.8663, \"y\":315.764, \"z\":186.913}', '{\"x\":-781.808, \"y\":315.866, \"z\":186.913}', NULL, '[\"apa_v_mp_h_01_c\"]', 'MiltonDrive', 0, 1, 0, '{\"x\":-795.735, \"y\":326.757, \"z\":186.313}', 1300000),
	(15, 'Modern3Apartment', 'Modern Apartment 3', NULL, '{\"x\":-774.012, \"y\":342.042, \"z\":195.686}', '{\"x\":-779.057, \"y\":342.063, \"z\":195.686}', NULL, '[\"apa_v_mp_h_01_b\"]', 'MiltonDrive', 0, 1, 0, '{\"x\":-765.386, \"y\":330.782, \"z\":195.08}', 1300000),
	(16, 'Mody1Apartment', 'Mody Apartment 1', NULL, '{\"x\":-784.194, \"y\":323.636, \"z\":210.997}', '{\"x\":-779.751, \"y\":323.385, \"z\":210.997}', NULL, '[\"apa_v_mp_h_02_a\"]', 'MiltonDrive', 0, 1, 0, '{\"x\":-766.615, \"y\":327.878, \"z\":210.396}', 1300000),
	(17, 'Mody2Apartment', 'Mody Apartment 2', NULL, '{\"x\":-786.8663, \"y\":315.764, \"z\":186.913}', '{\"x\":-781.808, \"y\":315.866, \"z\":186.913}', NULL, '[\"apa_v_mp_h_02_c\"]', 'MiltonDrive', 0, 1, 0, '{\"x\":-795.297, \"y\":327.092, \"z\":186.313}', 1300000),
	(18, 'Mody3Apartment', 'Mody Apartment 3', NULL, '{\"x\":-774.012, \"y\":342.042, \"z\":195.686}', '{\"x\":-779.057, \"y\":342.063, \"z\":195.686}', NULL, '[\"apa_v_mp_h_02_b\"]', 'MiltonDrive', 0, 1, 0, '{\"x\":-765.303, \"y\":330.932, \"z\":195.085}', 1300000),
	(19, 'Vibrant1Apartment', 'Vibrant Apartment 1', NULL, '{\"x\":-784.194, \"y\":323.636, \"z\":210.997}', '{\"x\":-779.751, \"y\":323.385, \"z\":210.997}', NULL, '[\"apa_v_mp_h_03_a\"]', 'MiltonDrive', 0, 1, 0, '{\"x\":-765.885, \"y\":327.641, \"z\":210.396}', 1300000),
	(20, 'Vibrant2Apartment', 'Vibrant Apartment 2', NULL, '{\"x\":-786.8663, \"y\":315.764, \"z\":186.913}', '{\"x\":-781.808, \"y\":315.866, \"z\":186.913}', NULL, '[\"apa_v_mp_h_03_c\"]', 'MiltonDrive', 0, 1, 0, '{\"x\":-795.607, \"y\":327.344, \"z\":186.313}', 1300000),
	(21, 'Vibrant3Apartment', 'Vibrant Apartment 3', NULL, '{\"x\":-774.012, \"y\":342.042, \"z\":195.686}', '{\"x\":-779.057, \"y\":342.063, \"z\":195.686}', NULL, '[\"apa_v_mp_h_03_b\"]', 'MiltonDrive', 0, 1, 0, '{\"x\":-765.525, \"y\":330.851, \"z\":195.085}', 1300000),
	(22, 'Sharp1Apartment', 'Sharp Apartment 1', NULL, '{\"x\":-784.194, \"y\":323.636, \"z\":210.997}', '{\"x\":-779.751, \"y\":323.385, \"z\":210.997}', NULL, '[\"apa_v_mp_h_04_a\"]', 'MiltonDrive', 0, 1, 0, '{\"x\":-766.527, \"y\":327.89, \"z\":210.396}', 1300000),
	(23, 'Sharp2Apartment', 'Sharp Apartment 2', NULL, '{\"x\":-786.8663, \"y\":315.764, \"z\":186.913}', '{\"x\":-781.808, \"y\":315.866, \"z\":186.913}', NULL, '[\"apa_v_mp_h_04_c\"]', 'MiltonDrive', 0, 1, 0, '{\"x\":-795.642, \"y\":326.497, \"z\":186.313}', 1300000),
	(24, 'Sharp3Apartment', 'Sharp Apartment 3', NULL, '{\"x\":-774.012, \"y\":342.042, \"z\":195.686}', '{\"x\":-779.057, \"y\":342.063, \"z\":195.686}', NULL, '[\"apa_v_mp_h_04_b\"]', 'MiltonDrive', 0, 1, 0, '{\"x\":-765.503, \"y\":331.318, \"z\":195.085}', 1300000),
	(25, 'Monochrome1Apartment', 'Monochrome Apartment 1', NULL, '{\"x\":-784.194, \"y\":323.636, \"z\":210.997}', '{\"x\":-779.751, \"y\":323.385, \"z\":210.997}', NULL, '[\"apa_v_mp_h_05_a\"]', 'MiltonDrive', 0, 1, 0, '{\"x\":-766.289, \"y\":328.086, \"z\":210.396}', 1300000),
	(26, 'Monochrome2Apartment', 'Monochrome Apartment 2', NULL, '{\"x\":-786.8663, \"y\":315.764, \"z\":186.913}', '{\"x\":-781.808, \"y\":315.866, \"z\":186.913}', NULL, '[\"apa_v_mp_h_05_c\"]', 'MiltonDrive', 0, 1, 0, '{\"x\":-795.692, \"y\":326.762, \"z\":186.313}', 1300000),
	(27, 'Monochrome3Apartment', 'Monochrome Apartment 3', NULL, '{\"x\":-774.012, \"y\":342.042, \"z\":195.686}', '{\"x\":-779.057, \"y\":342.063, \"z\":195.686}', NULL, '[\"apa_v_mp_h_05_b\"]', 'MiltonDrive', 0, 1, 0, '{\"x\":-765.094, \"y\":330.976, \"z\":195.085}', 1300000),
	(28, 'Seductive1Apartment', 'Seductive Apartment 1', NULL, '{\"x\":-784.194, \"y\":323.636, \"z\":210.997}', '{\"x\":-779.751, \"y\":323.385, \"z\":210.997}', NULL, '[\"apa_v_mp_h_06_a\"]', 'MiltonDrive', 0, 1, 0, '{\"x\":-766.263, \"y\":328.104, \"z\":210.396}', 1300000),
	(29, 'Seductive2Apartment', 'Seductive Apartment 2', NULL, '{\"x\":-786.8663, \"y\":315.764, \"z\":186.913}', '{\"x\":-781.808, \"y\":315.866, \"z\":186.913}', NULL, '[\"apa_v_mp_h_06_c\"]', 'MiltonDrive', 0, 1, 0, '{\"x\":-795.655, \"y\":326.611, \"z\":186.313}', 1300000),
	(30, 'Seductive3Apartment', 'Seductive Apartment 3', NULL, '{\"x\":-774.012, \"y\":342.042, \"z\":195.686}', '{\"x\":-779.057, \"y\":342.063, \"z\":195.686}', NULL, '[\"apa_v_mp_h_06_b\"]', 'MiltonDrive', 0, 1, 0, '{\"x\":-765.3, \"y\":331.414, \"z\":195.085}', 1300000),
	(31, 'Regal1Apartment', 'Regal Apartment 1', NULL, '{\"x\":-784.194, \"y\":323.636, \"z\":210.997}', '{\"x\":-779.751, \"y\":323.385, \"z\":210.997}', NULL, '[\"apa_v_mp_h_07_a\"]', 'MiltonDrive', 0, 1, 0, '{\"x\":-765.956, \"y\":328.257, \"z\":210.396}', 1300000),
	(32, 'Regal2Apartment', 'Regal Apartment 2', NULL, '{\"x\":-786.8663, \"y\":315.764, \"z\":186.913}', '{\"x\":-781.808, \"y\":315.866, \"z\":186.913}', NULL, '[\"apa_v_mp_h_07_c\"]', 'MiltonDrive', 0, 1, 0, '{\"x\":-795.545, \"y\":326.659, \"z\":186.313}', 1300000),
	(33, 'Regal3Apartment', 'Regal Apartment 3', NULL, '{\"x\":-774.012, \"y\":342.042, \"z\":195.686}', '{\"x\":-779.057, \"y\":342.063, \"z\":195.686}', NULL, '[\"apa_v_mp_h_07_b\"]', 'MiltonDrive', 0, 1, 0, '{\"x\":-765.087, \"y\":331.429, \"z\":195.123}', 1300000),
	(34, 'Aqua1Apartment', 'Aqua Apartment 1', NULL, '{\"x\":-784.194, \"y\":323.636, \"z\":210.997}', '{\"x\":-779.751, \"y\":323.385, \"z\":210.997}', NULL, '[\"apa_v_mp_h_08_a\"]', 'MiltonDrive', 0, 1, 0, '{\"x\":-766.187, \"y\":328.47, \"z\":210.396}', 1300000),
	(35, 'Aqua2Apartment', 'Aqua Apartment 2', NULL, '{\"x\":-786.8663, \"y\":315.764, \"z\":186.913}', '{\"x\":-781.808, \"y\":315.866, \"z\":186.913}', NULL, '[\"apa_v_mp_h_08_c\"]', 'MiltonDrive', 0, 1, 0, '{\"x\":-795.658, \"y\":326.563, \"z\":186.313}', 1300000),
	(36, 'Aqua3Apartment', 'Aqua Apartment 3', NULL, '{\"x\":-774.012, \"y\":342.042, \"z\":195.686}', '{\"x\":-779.057, \"y\":342.063, \"z\":195.686}', NULL, '[\"apa_v_mp_h_08_b\"]', 'MiltonDrive', 0, 1, 0, '{\"x\":-765.287, \"y\":331.084, \"z\":195.086}', 1300000),
	(37, 'IntegrityWay', '4 Integrity Way', '{\"x\":-47.804, \"y\":-585.867, \"z\":36.956}', NULL, NULL, '{\"x\":-54.178, \"y\":-583.762, \"z\":35.798}', '[]', NULL, 0, 0, 1, NULL, 0),
	(38, 'IntegrityWay28', '4 Integrity Way - Apt 28', NULL, '{\"x\":-31.409, \"y\":-594.927, \"z\":79.03}', '{\"x\":-26.098, \"y\":-596.909, \"z\":79.03}', NULL, '[]', 'IntegrityWay', 0, 1, 0, '{\"x\":-11.923, \"y\":-597.083, \"z\":78.43}', 1700000),
	(39, 'IntegrityWay30', '4 Integrity Way - Apt 30', NULL, '{\"x\":-17.702, \"y\":-588.524, \"z\":89.114}', '{\"x\":-16.21, \"y\":-582.569, \"z\":89.114}', NULL, '[]', 'IntegrityWay', 0, 1, 0, '{\"x\":-26.327, \"y\":-588.384, \"z\":89.123}', 1700000),
	(40, 'DellPerroHeights', 'Dell Perro Heights', '{\"x\":-1447.06, \"y\":-538.28, \"z\":33.74}', NULL, NULL, '{\"x\":-1440.022, \"y\":-548.696, \"z\":33.74}', '[]', NULL, 0, 0, 1, NULL, 0),
	(41, 'DellPerroHeightst4', 'Dell Perro Heights - Apt 28', NULL, '{\"x\":-1452.125, \"y\":-540.591, \"z\":73.044}', '{\"x\":-1455.435, \"y\":-535.79, \"z\":73.044}', NULL, '[]', 'DellPerroHeights', 0, 1, 0, '{\"x\":-1467.058, \"y\":-527.571, \"z\":72.443}', 1700000),
	(42, 'DellPerroHeightst7', 'Dell Perro Heights - Apt 30', NULL, '{\"x\":-1451.562, \"y\":-523.535, \"z\":55.928}', '{\"x\":-1456.02, \"y\":-519.209, \"z\":55.929}', NULL, '[]', 'DellPerroHeights', 0, 1, 0, '{\"x\":-1457.026, \"y\":-530.219, \"z\":55.937}', 1700000)
;

CREATE TABLE `billing` (
	`id` INT NOT NULL AUTO_INCREMENT,
	`identifier` VARCHAR(60) NOT NULL,
	`sender` VARCHAR(60) NOT NULL,
	`target_type` VARCHAR(50) NOT NULL,
	`target` VARCHAR(60) NOT NULL,
	`label` VARCHAR(255) NOT NULL,
	`amount` INT NOT NULL,

	PRIMARY KEY (`id`)
);

CREATE TABLE `fine_types` (
	`id` INT NOT NULL AUTO_INCREMENT,
	`label` VARCHAR(255) DEFAULT NULL,
	`amount` INT DEFAULT NULL,
	`category` INT DEFAULT NULL,

	PRIMARY KEY (`id`)
);

INSERT INTO `fine_types` (label, amount, category) VALUES
	('Excés de vitesse supérieur à 10km/h', 500, 0),
	('Excés de vitesse compris entre 10 et 20 km/h', 1000, 0),
	('Faux avertisseurs lumineux', 2000, 0),
	('Non respect du stop', 750, 0),
	('Non respect de la priorité', 750, 0),
	('Phares non utilisés la nuit', 300, 0),
	('Rouler à contre-sens', 400, 0),
	('Stationement génant', 1500, 0),
	('Téléphone au volant', 600, 0),
	('Véhicule en mauvais état', 1000, 0),
	('Conduite sans permis', 3500, 1),
	('Conduite en état altéré', 3500, 1),
	('Excés de vitesse supérieur à 20 km/h', 2500, 1),
	('Excés de vitesse aggravé', 4000, 1),
	('Dissimulation de la plaque', 3500, 1),
	('Défaut de paiement', 3500, 0),
	('Dissimulation de visage', 2500, 0),
	('Fausse alerte', 2500, 0),
	('Filouterie', 2500, 0),
	('Ivresse publique', 2000, 0),
	('Grabuge', 1500, 0),
	('Mendicité', 800, 0),
	('Outrage', 5000, 0),
	('Outrage à la cour', 5000, 0),
	('Refus de donner son identité', 4000, 0),
	('Abus de pouvoir', 0, 2),
	('Abus de pouvoir aggravé', 0, 2),
	('Altération de preuve', 0, 2),
	('Altération de preuve aggravée', 0, 2),
	('Agression sexuelle', 0, 2),
	('Agression sexuelle aggravée', 0, 2),
	('Atteinte à la pudeur', 0, 2),
	('Atteinte aux symboles nationaux', 0, 2),
	('Attroupement illégal', 0, 2),
	('Attroupement illégal aggravé', 0, 2),
	('Association de malfaiteur 1er degré', 0, 2),
	('Braconnage', 0, 2),
	('Brigandage', 0, 2),
	('Brigandage aggravé', 0, 2),
	('Chantage', 0, 2),
	('Corruption', 0, 2),
	('Course illégale', 0, 2),
	('Dégradation majeure', 0, 2),
	('Dégradation majeure aggravée', 0, 2),
	('Délit de fuite', 0, 2),
	('Diffamation', 0, 2),
	('Diffamation aggravée', 0, 2),
	('Destruction', 0, 2),
	('Destruction aggravée', 0, 2),
	('Embuscade', 0, 2),
	('Entrave à la justice', 0, 2),
	('Entrave à la justice aggravée', 0, 2),
	('Entrave aux secours', 0, 2),
	('Entrave aux secours aggravée', 0, 2),
	('Escroquerie', 0, 2),
	('Évasion', 0, 2),
	('Évasion aggravée', 0, 2),
	('Exhiber une arme', 0, 2),
	('Extorsion', 0, 2),
	('Falsification de documents', 0, 2),
	('Falsification de monnaie', 0, 2),
	('Falsification à une administration', 0, 2),
	('Flânerie', 0, 2),
	('Harcélement', 0, 2),
	('Harcélement aggravé', 0, 2),
	('Inciter à une émeute', 0, 2),
	('Incitation au suicide', 0, 2),
	('Injure', 0, 2),
	('Injure aggravée', 0, 2),
	('Intention de vendre des armes', 0, 2),
	('Intention de vendre des stupéfiants', 0, 2),
	('Intrusion', 0, 2),
	('Intrusion aggravée', 0, 2),
	('Menace', 0, 2),
	('Menace aggravée', 0, 2),
	('Mise en péril', 0, 2),
	('Non assistance à personne en danger', 0, 2),
	('Parjure', 0, 2),
	('Parjure aggravé', 0, 2),
	('Possession arme', 0, 2),
	('Possession arme aggravée', 0, 2),
	('Possession de stupéfiants', 0, 2),
	('Possession de stupéfiants aggravée', 0, 2),
	('Piraterie', 0, 2),
	('Recel', 0, 2),
	('RO', 0, 2),
	('Usurpation', 0, 2),
	('Trafic armes', 0, 2),
	('Trafic armes aggravés', 0, 2),
	('Trafic de stupéfiants', 0, 2),
	('Trafic de stupéfiants aggravés', 0, 2),
	('Violence mineure', 0, 2),
	('Violence mineure aggravée', 0, 2),
	('Violence majeure', 0, 2),
	('Violence majeure aggravée', 0, 2),
	('Vol au premier degré', 0, 2),
	('Violence au second degré', 0, 2),
	('Assassinat', 0, 3),
	('Assassinat aggravé', 0, 3),
	('Association de malfaiteurs 2nd degré', 0, 3),
	('Association de malfaiteurs 3ème degré', 0, 3),
	('Braquage', 0, 3),
	('Homicide involontaire', 0, 3),
	('Homicide involontaire aggravé', 0, 3),
	('Proxénétisme', 0, 3),
	('Proxénétisme aggravé', 0, 3),
	('Meurtre', 0, 3),
	('Meurtre aggravé', 0, 3),
	('Mutilation', 0, 3),
	('Mutilation aggravée', 0, 3),
	('Sédition', 0, 3),
	('Séparatisme', 0, 3),
	('Séquestration', 0, 3),
	('Séquestration aggravée', 0, 3),
	('Terrorisme', 0, 3),
	('Violence ayant causées la mort sans intention', 0, 3),
	('Violence ayant causées la mort sans intention aggravées', 0, 3),
	('Viol', 0, 3),
	('Vol au troisième degré', 0, 3),
	('Dégradation mineure', 0, 2),
	('Dégradation mineure aggravée', 0, 2);


CREATE TABLE `cardealer_vehicles` (
	`id` INT NOT NULL AUTO_INCREMENT,
	`vehicle` VARCHAR(255) NOT NULL,
	`price` INT NOT NULL,

	PRIMARY KEY (`id`)
);

CREATE TABLE `vehicle_sold` (
	`client` VARCHAR(50) NOT NULL,
	`model` VARCHAR(50) NOT NULL,
	`plate` VARCHAR(50) NOT NULL,
	`soldby` VARCHAR(50) NOT NULL,
	`date` VARCHAR(50) NOT NULL,

	PRIMARY KEY (`plate`)
);

CREATE TABLE `rented_vehicles` (
	`vehicle` VARCHAR(60) NOT NULL,
	`plate` VARCHAR(12) NOT NULL,
	`player_name` VARCHAR(255) NOT NULL,
	`base_price` INT NOT NULL,
	`rent_price` INT NOT NULL,
	`owner` VARCHAR(60) NOT NULL,

	PRIMARY KEY (`plate`)
);

CREATE TABLE `vehicle_categories` (
	`name` VARCHAR(60) NOT NULL,
	`label` VARCHAR(60) NOT NULL,

	PRIMARY KEY (`name`)
);

INSERT INTO `vehicle_categories` (name, label) VALUES
	('compacts', 'Compacts'),
	('coupes', 'Coupes'),
	('cycles', 'Cycles'),
	('import', 'Import'),
	('motorcycles', 'Motos'),
	('muscle', 'Muscle'),
	('offroad', 'Off Road'),
	('sedans', 'Sedans'),
	('sports', 'Sports'),
	('sportsclassics', 'Sports Classics'),
	('super', 'Super'),
	('suvs', 'SUVs'),
	('vans', 'Vans');

CREATE TABLE `vehicles` (
	`name` VARCHAR(60) NOT NULL,
	`model` VARCHAR(60) NOT NULL,
	`price` INT NOT NULL,
	`category` VARCHAR(60) DEFAULT NULL,

	PRIMARY KEY (`model`)
);

INSERT INTO `vehicles` (name, model, price, category) VALUES
('Adder', 'adder', 365000, 'super'),
('Akuma', 'akuma', 21000, 'motorcycles'),
('Alpha', 'alpha', 30000, 'sports'),
('Fiat', 'asbo', 5500, 'compacts'),
('Asea', 'asea', 8600, 'sedans'),
('asterope', 'asterope', 9400, 'sedans'),
('Pfister Astron', 'astron', 55000, 'suvs'),
('Autarch', 'autarch', 240000, 'super'),
('Avarus', 'avarus', 16000, 'motorcycles'),
('Bagger', 'bagger', 18000, 'motorcycles'),
('Baller', 'baller2', 48000, 'suvs'),
('Baller Sport', 'baller3', 58000, 'suvs'),
('Baller Sport RS', 'baller4', 70000, 'suvs'),
('Gallivanter Baller ST', 'baller7', 54000, 'suvs'),
('Banshee', 'banshee', 45000, 'sports'),
('Banshee 900R', 'banshee2', 205000, 'super'),
('Bati 801', 'bati', 30000, 'motorcycles'),
('Bati 801RR', 'bati2', 42000, 'motorcycles'),
('Bestia GTS', 'bestiagts', 53000, 'sports'),
('BF400', 'bf400', 26000, 'motorcycles'),
('Bf Injection', 'bfinjection', 16000, 'offroad'),
('Bifta', 'bifta', 12000, 'offroad'),
('Bison', 'bison', 16500, 'vans'),
('BJXL', 'bjxl', 26000, 'suvs'),
('Blade', 'blade', 16000, 'muscle'),
('Blazer', 'blazer', 7500, 'offroad'),
('Blazer Sport', 'blazer4', 9500, 'offroad'),
('Blista', 'blista', 6800, 'compacts'),
('Blista GT', 'blista2', 12000, 'sports'),
('Blista Super', 'blista3', 13500, 'sports'),
('BMX', 'bmx', 500, 'cycles'),
('Bobcat XL', 'bobcatxl', 20000, 'vans'),
('Bodhi Plus', 'bodhi2', 23000, 'offroad'),
('Brawler', 'brawler', 40000, 'offroad'),
('Brioso', 'brioso', 12400, 'compacts'),
('Brison Collection', 'brioso2', 9000, 'compacts'),
('Brutus', 'brutus', 65000, 'offroad'),
('Btype', 'btype', 54000, 'sportsclassics'),
('Btype Hotroad', 'btype2', 120000, 'sportsclassics'),
('Btype Luxe', 'btype3', 95000, 'sportsclassics'),
('Buccaneer', 'buccaneer', 16500, 'muscle'),
('Buccaneer Rider', 'buccaneer2', 22000, 'muscle'),
('Buffalo', 'buffalo', 30000, 'sports'),
('Buffalo S', 'buffalo2', 40000, 'sports'),
('Bravado Buffalo STX', 'buffalo4', 74000, 'muscle'),
('Bullet', 'bullet', 140000, 'super'),
('Burrito2', 'burrito2', 15500, 'vans'),
('Burrito', 'burrito3', 19500, 'vans'),
('Calico', 'calico', 24000, 'sports'),
('Camper', 'camper', 24000, 'vans'),
('Caracara', 'caracara2', 62000, 'offroad'),
('Carbonizzare', 'carbonizzare', 37000, 'sports'),
('Carbon RS', 'carbonrs', 32000, 'motorcycles'),
('Casco', 'casco', 40000, 'sportsclassics'),
('Cavalcade', 'cavalcade', 18000, 'suvs'),
('Cavalcade RS', 'cavalcade2', 21000, 'suvs'),
('Dewbauchee Champion', 'champion', 420000, 'super'),
('Cheburek', 'cheburek', 8500, 'sedans'),
('Cheetah', 'cheetah', 305000, 'super'),
('Cheetah Roadster', 'cheetah2', 47500, 'sports'),
('Chimera', 'chimera', 23500, 'motorcycles'),
('Chino', 'chino', 19000, 'muscle'),
('Chino Luxe', 'chino2', 22000, 'muscle'),
('Lampadati Cinquemila', 'cinquemila', 57000, 'sedans'),
('Cliffhanger', 'cliffhanger', 17000, 'motorcycles'),
('Clique', 'clique', 35000, 'muscle'),
('Club', 'club', 4000, 'compacts'),
('Cog 55', 'cog55', 48000, 'sedans'),
('Cognoscenti Cabrio', 'cogcabrio', 20000, 'coupes'),
('Cognoscenti', 'cognoscenti', 55000, 'sedans'),
('Comet', 'comet2', 135000, 'sports'),
('Comet GT', 'comet3', 150000, 'sports'),
('Comet S', 'comet4', 85000, 'sports'),
('Comet Supra', 'comet5', 210000, 'sports'),
('Comet Plus', 'comet6', 235000, 'sports'),
('Pfister Comet S2 Cabrio', 'comet7', 130000, 'sports'),
('Contender', 'contender', 48000, 'suvs'),
('Coquette', 'coquette', 100000, 'sports'),
('Coquette Classic', 'coquette2', 45000, 'sportsclassics'),
('Coquette BlackFin', 'coquette3', 42000, 'muscle'),
('Coquette Supra', 'coquette4', 320000, 'sports'),
('Honda CR 250', 'cr250', 25000, 'import'),
('Cruiser', 'cruiser', 250, 'cycles'),
('Cyclone', 'cyclone', 325000, 'super'),
('Cypher', 'cypher', 40000, 'sports'),
('Daemon', 'daemon', 12000, 'motorcycles'),
('Daemon High', 'daemon2', 13000, 'motorcycles'),
('Deathbike', 'deathbike', 20000, 'motorcycles'),
('Defiler', 'defiler', 11000, 'motorcycles'),
('Enus Deity', 'deity', 72000, 'sedans'),
('Deveste', 'deveste', 340000, 'sports'),
('Deviant', 'deviant', 40000, 'muscle'),
('diablous', 'diablous', 20000, 'motorcycles'),
('diablous2', 'diablous2', 24000, 'motorcycles'),
('Dilettante', 'dilettante', 9000, 'compacts'),
('dloader', 'dloader', 20000, 'offroad'),
('Dominator', 'dominator', 35000, 'muscle'),
('Dominator Race', 'dominator2', 42000, 'muscle'),
('Dominator RS', 'dominator3', 45000, 'muscle'),
('Dominator S', 'dominator7', 57000, 'sports'),
('Dominator Classic', 'dominator8', 90000, 'sports'),
('Double T', 'double', 32000, 'motorcycles'),
('drafter', 'drafter', 150000, 'sports'),
('Dubsta', 'dubsta', 27000, 'suvs'),
('Dubsta Luxuary', 'dubsta2', 37000, 'suvs'),
('Bubsta 6x6', 'dubsta3', 68000, 'offroad'),
('Dukes', 'dukes', 28000, 'muscle'),
('Dukes Luxe', 'dukes3', 32000, 'muscle'),
('Dune Buggy', 'dune', 11500, 'offroad'),
('dynasty', 'dynasty', 45000, 'sports'),
('Elegy S', 'elegy', 120000, 'sports'),
('Elegy', 'elegy2', 55000, 'sports'),
('Ellie', 'ellie', 45000, 'muscle'),
('Emerus', 'emerus', 378000, 'super'),
('Emperor', 'emperor', 15000, 'sedans'),
('emperor2', 'emperor2', 11600, 'sedans'),
('Enduro', 'enduro', 8000, 'motorcycles'),
('Entity RS', 'entity2', 380000, 'super'),
('Entity XF', 'entityxf', 295000, 'super'),
('Esskey', 'esskey', 11500, 'motorcycles'),
('Euros', 'euros', 48000, 'sports'),
('Everon', 'everon', 54000, 'offroad'),
('Exemplar', 'exemplar', 30000, 'coupes'),
('F620', 'f620', 24000, 'coupes'),
('Faction', 'faction', 22000, 'muscle'),
('Faction Rider', 'faction2', 30000, 'muscle'),
('Faction Lowrider', 'faction3', 18000, 'muscle'),
('Fagaloa', 'fagaloa', 11400, 'sports'),
('Faggio', 'faggio', 2000, 'motorcycles'),
('Vespa', 'faggio2', 2500, 'motorcycles'),
('Scooter Plus', 'faggio3', 4000, 'motorcycles'),
('FCR', 'fcr', 21000, 'motorcycles'),
('FCR Turbo', 'fcr2', 24000, 'motorcycles'),
('Felon', 'felon', 35000, 'coupes'),
('Felon GT', 'felon2', 36500, 'coupes'),
('Feltzer', 'feltzer2', 55000, 'sports'),
('Stirling GT', 'feltzer3', 105000, 'sportsclassics'),
('Fixter', 'fixter', 700, 'cycles'),
('Flash GT', 'flashgt', 138000, 'sports'),
('FMJ', 'fmj', 350000, 'super'),
('Fhantom', 'fq2', 35000, 'suvs'),
('freecrawler', 'freecrawler', 28000, 'offroad'),
('Fugitive', 'fugitive', 25000, 'sedans'),
('Furia', 'furia', 400000, 'super'),
('Furore GT', 'furoregt', 60000, 'sports'),
('Fusilade', 'fusilade', 37000, 'sports'),
('Futo', 'futo', 24000, 'sports'),
('Futo S', 'futo2', 13500, 'sports'),
('Gargoyle', 'gargoyle', 20000, 'motorcycles'),
('Gauntlet', 'gauntlet', 25000, 'muscle'),
('Gauntlet RS', 'gauntlet2', 35000, 'muscle'),
('Gauntlet S', 'gauntlet3', 19000, 'muscle'),
('Gauntlet GT', 'gauntlet4', 42500, 'muscle'),
('Gauntlet RS LINE', 'gauntlet5', 27000, 'muscle'),
('gb200', 'gb200', 90000, 'sports'),
('Gang Burrito', 'gburrito', 37000, 'vans'),
('Burrito RS', 'gburrito2', 39300, 'vans'),
('Glendale', 'glendale', 6500, 'sedans'),
('glendale2', 'glendale2', 10000, 'sedans'),
('GP1', 'gp1', 380000, 'super'),
('Grabger', 'granger', 42000, 'suvs'),
('Declasse Granger 3600LX', 'granger2', 40625, 'suvs'),
('Gresley', 'gresley', 26000, 'suvs'),
('growler', 'growler', 210000, 'sports'),
('GT 500', 'gt500', 125000, 'sportsclassics'),
('Guardian', 'guardian', 70000, 'offroad'),
('habanero', 'habanero', 10000, 'suvs'),
('Hakuchou', 'hakuchou', 28000, 'motorcycles'),
('Hakuchou Sport', 'hakuchou2', 35000, 'motorcycles'),
('hellion', 'hellion', 25000, 'offroad'),
('Hermes', 'hermes', 85000, 'muscle'),
('Hexer', 'hexer', 14000, 'motorcycles'),
('Hotknife', 'hotknife', 50000, 'muscle'),
('Huntley S', 'huntley', 35000, 'suvs'),
('Hustler', 'hustler', 64000, 'muscle'),
('Pegassi Ignus', 'ignus', 485000, 'super'),
('Imorgron', 'imorgon', 285000, 'sports'),
('Impaler', 'impaler', 21000, 'muscle'),
('Impaler S', 'impaler3', 25000, 'muscle'),
('Imperator', 'imperator', 35000, 'muscle'),
('Infernus', 'infernus', 275000, 'super'),
('Infernus GT', 'infernus2', 170000, 'sports'),
('ingot', 'ingot', 6000, 'sedans'),
('Innovation', 'innovation', 27000, 'motorcycles'),
('Intruder', 'intruder', 10000, 'sedans'),
('Issi', 'issi2', 12000, 'compacts'),
('Issi Collection', 'issi3', 8500, 'compacts'),
('Issi Supra', 'issi7', 180000, 'sports'),
('Italitgtb', 'italigtb', 330000, 'super'),
('Italigtb RS', 'italigtb2', 345000, 'super'),
('Italigo', 'italigto', 267000, 'sports'),
('Italir Sx', 'italirsx', 350000, 'sports'),
('Obey I-Wagen', 'iwagen', 48000, 'suvs'),
('Jackal', 'jackal', 27000, 'coupes'),
('Jb7002', 'jb7002', 90000, 'sportsclassics'),
('Jester', 'jester', 50000, 'sports'),
('Jester S', 'jester3', 40000, 'sports'),
('Jester Supra', 'jester4', 150000, 'sports'),
('Journey', 'journey', 9500, 'vans'),
('Enus Jubilee', 'jubilee', 62000, 'suvs'),
('jugular', 'jugular', 155000, 'sports'),
('Kalahari', 'kalahari', 10000, 'offroad'),
('Kamacho', 'kamacho', 95000, 'offroad'),
('kanjo', 'kanjo', 20000, 'compacts'),
('Khamelion', 'khamelion', 58000, 'sports'),
('Komoda', 'komoda', 117000, 'sports'),
('krieger', 'krieger', 375000, 'super'),
('Landstalker', 'landstalker', 24000, 'suvs'),
('Landstalker GT Line', 'landstalker2', 44000, 'suvs'),
('Lectro', 'lectro', 12000, 'motorcycles'),
('locust', 'locust', 150000, 'sports'),
('Lurcher', 'lurcher', 17500, 'muscle'),
('Lynx', 'lynx', 115000, 'sports'),
('Mamba', 'mamba', 190000, 'sports'),
('Manana', 'manana', 50000, 'sportsclassics'),
('Manana Light', 'manana2', 15000, 'compacts'),
('Manchez', 'manchez', 13000, 'motorcycles'),
('Manchez Supra', 'manchez2', 16000, 'motorcycles'),
('Massacro', 'massacro', 60000, 'sports'),
('Mesa', 'mesa', 17000, 'suvs'),
('Mesa Trail', 'mesa3', 35000, 'suvs'),
('Michelli', 'michelli', 25000, 'sports'),
('Minivan', 'minivan', 15000, 'vans'),
('Minivan TR', 'minivan2', 22000, 'vans'),
('Monroe', 'monroe', 86000, 'sportsclassics'),
('Moonbeam', 'moonbeam', 14500, 'vans'),
('Moonbeam Rider', 'moonbeam2', 25000, 'vans'),
('nebula', 'nebula', 14000, 'coupes'),
('Nemesis', 'nemesis', 9000, 'motorcycles'),
('Neo', 'neo', 200000, 'sports'),
('Neon', 'neon', 180000, 'sports'),
('Nero', 'nero', 445000, 'super'),
('Nero RS', 'nero2', 510000, 'super'),
('Nightblade', 'nightblade', 35000, 'motorcycles'),
('Nightshade', 'nightshade', 68000, 'muscle'),
('9F', 'ninef', 55000, 'sports'),
('9F Cabrio', 'ninef2', 65000, 'sports'),
('novak', 'novak', 60000, 'suvs'),
('Omnis', 'omnis', 315000, 'sports'),
('Oracle', 'oracle', 28000, 'coupes'),
('Oracle XS', 'oracle2', 32000, 'coupes'),
('Osiris', 'osiris', 475000, 'super'),
('outlaw', 'outlaw', 21500, 'offroad'),
('Panto', 'panto', 2500, 'compacts'),
('Paradise', 'paradise', 18500, 'vans'),
('Paragon', 'paragon', 220000, 'sports'),
('Pariah', 'pariah', 125000, 'sports'),
('Patriot', 'patriot', 50000, 'suvs'),
('Patriot RS', 'patriot2', 95000, 'suvs'),
('Mammoth Patriot Mil-Spec', 'patriot3', 110000, 'offroad'),
('PCJ-600', 'pcj', 9500, 'motorcycles'),
('Penetrator', 'penetrator', 345000, 'super'),
('Penumbra', 'penumbra', 30000, 'sports'),
('Penumbra GT', 'penumbra2', 45000, 'sports'),
('Peyote', 'peyote', 25000, 'sportsclassics'),
('Peyote RS', 'peyote2', 82000, 'sportsclassics'),
('Peyote GT', 'peyote3', 42000, 'sportsclassics'),
('Pfister', 'pfister811', 370000, 'super'),
('Phoenix', 'phoenix', 20000, 'muscle'),
('Picador', 'picador', 16000, 'muscle'),
('Pigalle', 'pigalle', 180000, 'sportsclassics'),
('Pony', 'pony', 18000, 'vans'),
('Pony GC', 'pony2', 25000, 'vans'),
('Prairie', 'prairie', 8000, 'compacts'),
('Premier', 'premier', 8000, 'sedans'),
('Previon', 'previon', 20000, 'sports'),
('Primo', 'primo', 11000, 'sedans'),
('Primo Custom', 'primo2', 13000, 'sedans'),
('Radius', 'radi', 12000, 'suvs'),
('Raiden', 'raiden', 127000, 'sports'),
('rancherxl', 'rancherxl', 11500, 'offroad'),
('Rapid GT', 'rapidgt', 40000, 'sports'),
('Rapid GT Convertible', 'rapidgt2', 48000, 'sports'),
('Rapid GT3', 'rapidgt3', 195000, 'sportsclassics'),
('Raptor', 'raptor', 35000, 'motorcycles'),
('ratbike', 'ratbike', 4000, 'motorcycles'),
('Ratloader', 'ratloader', 13000, 'muscle'),
('Ratloader RS', 'ratloader2', 25000, 'muscle'),
('Reaper', 'reaper', 290000, 'super'),
('rebel', 'rebel', 12500, 'offroad'),
('Rebel R', 'rebel2', 15000, 'offroad'),
('Rebla', 'rebla', 60000, 'suvs'),
('Mammoth Patriot Mil-Spec', 'reever', 35000, 'motorcycles'),
('Regina', 'regina', 5000, 'sedans'),
('Remus', 'remus', 20000, 'sports'),
('Retinue', 'retinue', 45000, 'sportsclassics'),
('Retinue S', 'retinue2', 35000, 'sports'),
('Revolter', 'revolter', 215000, 'sports'),
('Rhapsody', 'rhapsody', 5200, 'compacts'),
('Riata', 'riata', 16500, 'offroad'),
('Rocoto', 'rocoto', 35000, 'suvs'),
('Romero (Corbillard)', 'romero', 12500, 'sedans'),
('RT 3000', 'rt3000', 20000, 'sports'),
('Ruffian', 'ruffian', 20000, 'motorcycles'),
('Ruiner', 'ruiner', 18000, 'muscle'),
('ruiner3', 'ruiner3', 1500, 'muscle'),
('Rumpo', 'rumpo', 30000, 'vans'),
('Rumpo GC', 'rumpo3', 45000, 'vans'),
('Ruston', 'ruston', 127000, 'sports'),
('Sabre Turbo', 'sabregt', 22500, 'muscle'),
('Sabre GT', 'sabregt2', 30000, 'muscle'),
('Sanchez', 'sanchez', 6500, 'motorcycles'),
('Sanchez Sport', 'sanchez2', 8000, 'motorcycles'),
('Sanctus', 'sanctus', 40000, 'motorcycles'),
('Sandking', 'sandking', 55000, 'offroad'),
('Sandking Supra', 'sandking2', 45000, 'offroad'),
('Savestra', 'savestra', 90000, 'sportsclassics'),
('SC 1', 'sc1', 335000, 'super'),
('Schafter', 'schafter2', 20000, 'sedans'),
('Schafter V12', 'schafter3', 115000, 'sports'),
('Schlagern', 'schlagen', 195000, 'sports'),
('Schwarzer', 'schwarzer', 58000, 'sports'),
('Scorcher', 'scorcher', 1000, 'cycles'),
('Seminole', 'seminole', 9500, 'suvs'),
('Seminole Super', 'seminole2', 15000, 'suvs'),
('Sentinel', 'sentinel', 25000, 'coupes'),
('Sentinel XS', 'sentinel2', 30000, 'coupes'),
('Sentinel XLS', 'sentinel3', 80000, 'sports'),
('Serrano', 'serrano', 8500, 'suvs'),
('Seven 70', 'seven70', 120000, 'sports'),
('Nagasaki Shinobi', 'shinobi', 46000, 'motorcycles'),
('Slamvan', 'slamvan', 18000, 'muscle'),
('Slamvan RS', 'slamvan2', 22500, 'muscle'),
('Slamvan S', 'slamvan3', 20000, 'muscle'),
('Sovereign', 'sovereign', 22000, 'motorcycles'),
('Specter', 'specter', 110000, 'sports'),
('Speedo', 'speedo', 13000, 'vans'),
('Speedo Business', 'speedo2', 18000, 'vans'),
('Speedo GC', 'speedo4', 15000, 'vans'),
('squaddie', 'squaddie', 50000, 'suvs'),
('Stafford', 'stafford', 28000, 'sedans'),
('Stalion', 'stalion', 18000, 'muscle'),
('BurgerShot', 'stalion2', 50000, 'muscle'),
('Stanier', 'stanier', 15000, 'sedans'),
('Stinger', 'stinger', 85000, 'sportsclassics'),
('Stinger GT', 'stingergt', 100000, 'sportsclassics'),
('stratum', 'stratum', 9600, 'sedans'),
('Streiter', 'streiter', 40000, 'suvs'),
('Stretch', 'stretch', 70000, 'sedans'),
('Stryder', 'stryder', 31000, 'motorcycles'),
('Sugoi', 'sugoi', 65000, 'sports'),
('Sultan', 'sultan', 42000, 'sports'),
('Sultan Dritf', 'sultan2', 128000, 'sports'),
('Sultan Race', 'sultan3', 150000, 'sports'),
('Sultan RS', 'sultanrs', 305000, 'super'),
('Super Diamond', 'superd', 30000, 'sedans'),
('Surano', 'surano', 50000, 'sports'),
('Surfer', 'surfer', 25000, 'vans'),
('Surfer Skyline', 'surfer2', 17700, 'vans'),
('surge', 'surge', 26500, 'sedans'),
('swinger', 'swinger', 62500, 'sports'),
('T20', 't20', 370000, 'super'),
('Tailgater', 'tailgater', 30000, 'sedans'),
('Tailgater S', 'tailgater2', 158000, 'sports'),
('Taipan', 'taipan', 375000, 'super'),
('Tampa', 'tampa', 25000, 'muscle'),
('Drift Tampa', 'tampa2', 215500, 'sports'),
('Tempesta', 'tempesta', 410000, 'super'),
('Tezeract', 'tezeract', 550000, 'super'),
('Thrax', 'thrax', 450000, 'super'),
('Thrust', 'thrust', 25000, 'motorcycles'),
('Tigon', 'tigon', 285000, 'super'),
('Torero', 'torero', 25000, 'sports'),
('Tornado', 'tornado', 28500, 'sports'),
('Tornado S', 'tornado2', 14000, 'sports'),
('Tornado Light', 'tornado3', 11500, 'sports'),
('tornado4', 'tornado4', 8000, 'sports'),
('Tornado RS', 'tornado5', 32500, 'sports'),
('tornado6', 'tornado6', 9600, 'sports'),
('toros', 'toros', 145000, 'suvs'),
('Tri bike', 'tribike', 1500, 'cycles'),
('Tri bike', 'tribike2', 1550, 'cycles'),
('Tri bike', 'tribike3', 1600, 'cycles'),
('Trophy Truck', 'trophytruck', 60000, 'offroad'),
('Trophy Truck Limited', 'trophytruck2', 80000, 'offroad'),
('Tropos', 'tropos', 146500, 'sports'),
('Tulipe', 'tulip', 26000, 'muscle'),
('Turismo', 'turismo2', 230000, 'sports'),
('Turismo R', 'turismor', 380000, 'super'),
('Tyrant', 'tyrant', 515000, 'super'),
('Tyrus', 'tyrus', 325000, 'super'),
('Vacca', 'vacca', 280000, 'super'),
('Vader', 'vader', 10000, 'motorcycles'),
('Vagner', 'vagner', 350000, 'super'),
('Vagrant', 'vagrant', 35000, 'offroad'),
('Vamos', 'vamos', 18000, 'muscle'),
('Vectre', 'vectre', 120000, 'sports'),
('Verlierer', 'verlierer2', 138000, 'sports'),
('Verus', 'verus', 17500, 'offroad'),
('Veto', 'veto', 17000, 'sports'),
('Veto2', 'veto2', 28000, 'sports'),
('Vigero', 'vigero', 14000, 'muscle'),
('Vindicator', 'vindicator', 24000, 'motorcycles'),
('Virgo', 'virgo', 14000, 'muscle'),
('Virgo S', 'virgo2', 15000, 'muscle'),
('Virgo RS', 'virgo3', 18000, 'muscle'),
('Viseris', 'viseris', 225000, 'sportsclassics'),
('Visione', 'visione', 400000, 'super'),
('Voltic', 'voltic', 235000, 'super'),
('Voodoo', 'voodoo', 8500, 'muscle'),
('voodoo2', 'voodoo2', 7500, 'muscle'),
('Vortex', 'vortex', 15000, 'motorcycles'),
('VSTR', 'vstr', 215000, 'sports'),
('Warrener', 'warrener', 12000, 'sedans'),
('Warrener GT', 'warrener2', 30000, 'sports'),
('Washington', 'washington', 15000, 'sedans'),
('Weevil', 'weevil', 14000, 'compacts'),
('Windsor', 'windsor', 50000, 'coupes'),
('Windsor Drop', 'windsor2', 61000, 'coupes'),
('Winky', 'winky', 45000, 'offroad'),
('Woflsbane', 'wolfsbane', 11200, 'motorcycles'),
('BMW X6M F16', 'x6m', 65000, 'import'),
('XA21', 'xa21', 380000, 'super'),
('XLS', 'xls', 35000, 'suvs'),
('Yosemite', 'yosemite', 24500, 'muscle'),
('Yosemite RS', 'yosemite2', 48000, 'muscle'),
('Yosemite GT', 'yosemite3', 35000, 'muscle'),
('Youga', 'youga', 25000, 'vans'),
('Youga Luxuary', 'youga2', 40000, 'vans'),
('youga3', 'youga3', 50000, 'vans'),
('Vapid Youga Custom', 'youga4', 35000, 'vans'),
('Z190', 'z190', 120000, 'sportsclassics'),
('Overflod Zeno', 'zeno', 527777, 'super'),
('Zentorno', 'zentorno', 460000, 'super'),
('Zion', 'zion', 21000, 'coupes'),
('Zion Cabrio', 'zion2', 26000, 'coupes'),
('Zion RS', 'zion3', 108000, 'sports'),
('Zombie', 'zombiea', 10500, 'motorcycles'),
('Zombie Luxuary', 'zombieb', 12000, 'motorcycles'),
('Zorruso', 'zorrusso', 530000, 'super'),
('zr350', 'zr350', 115000, 'sports'),
('Z-Type', 'ztype', 285000, 'sportsclassics');

CREATE TABLE `outfits` (
	`id` INT NOT NULL AUTO_INCREMENT,
	`identifier` VARCHAR(60) NOT NULL,
	`name` LONGTEXT,
	`ped` LONGTEXT,
	`components` LONGTEXT,
	`props` LONGTEXT,

	PRIMARY KEY (`id`),
	UNIQUE KEY `id_UNIQUE` (`id`)
);

CREATE TABLE `user_parkings` (
  
  `id` int(11) NOT NULL AUTO_INCREMENT,
  `identifier` varchar(60) DEFAULT NULL,
  `garage` varchar(60) DEFAULT NULL,
  `zone` int(11) NOT NULL,
  `vehicle` LONGTEXT,

  PRIMARY KEY (`id`)
);
